index,num,titulo,url,campo,antes,despues,evidencia
0,000001,DreamWeb,juegos/dreamweb-bigbox/,mercado,[],"[""España""]",descripcion: Esta edición española en caja grande para IBM PC 3 || tags: edición española
0,000001,DreamWeb,juegos/dreamweb-bigbox/,idioma,[],"[""Español""]",tags: software en castellano
0,000001,DreamWeb,juegos/dreamweb-bigbox/,soporte,[],"[""Disquete 3,5\""""]",incluye: 5 disquetes de 3.5
1,000002,Leather Goddesses of Phobos! 2,juegos/leather-goddesses-of-phobos-2-bigbox/,soporte,[],"[""Disquete 3,5\""""]",incluye: 19 disquetes de 3.5
2,000003,"Gabriel Knight 3: Blood of the Sacred, Blood of the Damned",juegos/gabriel-knight-3-blood-of-the-sacred-blood-of-the-damned-bigbox/,soporte,[],"[""CD-ROM""]",incluye: CD-ROM en jewel case
3,000004,Blade Runner,juegos/blade-runner-bigbox/,mercado,[],"[""España"", ""Portugal""]",descripcion: Esta edición física española/portuguesa en caja grande conserva especial interés documental por representar una de las aventuras cinematográficas más ambiciosas de finales de los noventa y uno de los títulos tardíos más recordados de Westwood fuera de la estrategia en tiempo real || tags: edición española || tags: edición portuguesa
3,000004,Blade Runner,juegos/blade-runner-bigbox/,idioma,[],"[""Español"", ""Portugués""]",incluye: Manual en español/portugués
3,000004,Blade Runner,juegos/blade-runner-bigbox/,soporte,[],"[""CD-ROM""]",incluye: Estuche jewel case con CD-ROM
4,000005,Sam & Max Hit the Road,juegos/sam-max-hit-the-road-bigbox/,mercado,[],"[""España""]",descripcion: Esta edición española distribuida por Erbe Software corresponde a la versión en disquetes de 3½ pulgadas e incluye localización al castellano || tags: Edición española
5,000006,Curse of Enchantia,juegos/curse-of-enchantia-bigbox/,mercado,[],"[""España""]",descripcion: con manual en castellano y distribución española mediante Proein Soft Line || tags: edición española
5,000006,Curse of Enchantia,juegos/curse-of-enchantia-bigbox/,idioma,[],"[""Español""]","incluye: Manual en castellano || tags: manual en castellano || descripcion: Esta edición física para IBM PC y compatibles corresponde a la versión en disquetes de 3,5 pulgadas, con manual en castellano y distribución española mediante Proein Soft Line"
5,000006,Curse of Enchantia,juegos/curse-of-enchantia-bigbox/,soporte,[],"[""Disquete 3,5\""""]","incluye: 4 disquetes de 3,5 pulgadas"
6,000007,Heart of China,juegos/heart-of-china-bigbox/,mercado,[],"[""España""]",descripcion: La edición española para PC compatibles destaca por su presentación en caja grande || tags: edición española
6,000007,Heart of China,juegos/heart-of-china-bigbox/,soporte,[],"[""Disquete 3,5\""""]","incluye: Disquetes de 3,5 HD"
7,000008,Arcanum: Hechizos y Engranajes,juegos/arcanum-hechizos-y-engranajes-bigbox/,mercado,[],"[""España""]",descripcion: Edición española en caja grande de Arcanum: Of Steamworks and Magick Obscura || tags: edición española
7,000008,Arcanum: Hechizos y Engranajes,juegos/arcanum-hechizos-y-engranajes-bigbox/,soporte,[],"[""CD-ROM""]",incluye: 2 CD-ROM
8,000009,Vampire: The Masquerade - Redemption,juegos/vampire-the-masquerade-redemption-bigbox/,mercado,[],"[""España""]",descripcion: Su edición española en caja grande || tags: edición española
8,000009,Vampire: The Masquerade - Redemption,juegos/vampire-the-masquerade-redemption-bigbox/,soporte,[],"[""CD-ROM""]",incluye: CD-ROM en caja Jewel Case
9,000010,Sid Meier's Civilization II,juegos/sid-meiers-civilization-ii-bigbox/,mercado,[],"[""España""]",descripcion: Esta edición española en Big Box distribuida por Proein corresponde a la versión para Windows en CD-ROM || descripcion: y representa una de las ediciones físicas más relevantes del juego dentro del mercado español de PC de mediados de los noventa || tags: edición española
9,000010,Sid Meier's Civilization II,juegos/sid-meiers-civilization-ii-bigbox/,idioma,[],"[""Español""]","incluye: Manual en castellano || tags: manual en castellano || descripcion: Esta edición española en Big Box distribuida por Proein corresponde a la versión para Windows en CD-ROM, con manual y software en castellano, y representa una de las ediciones físicas más relevantes del juego dentro del mercado español de PC de mediados de los noventa"
9,000010,Sid Meier's Civilization II,juegos/sid-meiers-civilization-ii-bigbox/,soporte,[],"[""CD-ROM""]",incluye: CD-ROM en caja jewel case
10,000011,Baldur's Gate,juegos/baldurs-gate-bigbox/,mercado,[],"[""España""]",descripcion: Edición española en caja grande de Baldur's Gate || descripcion: Esta edición española distribuida por Virgin Interactive destaca por conservar el lanzamiento original en 5 CD-ROM || tags: edición española
10,000011,Baldur's Gate,juegos/baldurs-gate-bigbox/,soporte,[],"[""CD-ROM""]",incluye: 5 CD-ROM
11,000012,Baldur's Gate II: Shadows of Amn,juegos/baldurs-gate-ii-shadows-of-amn-bigbox/,mercado,[],"[""España""]",descripcion: Esta edición española en caja grande conserva especial interés documental por tratarse de una versión íntegra en castellano distribuida en formato físico durante el auge del RPG clásico para PC || tags: edición española
11,000012,Baldur's Gate II: Shadows of Amn,juegos/baldurs-gate-ii-shadows-of-amn-bigbox/,idioma,[],"[""Español""]",tags: versión en castellano
11,000012,Baldur's Gate II: Shadows of Amn,juegos/baldurs-gate-ii-shadows-of-amn-bigbox/,soporte,[],"[""CD-ROM""]",incluye: CD-ROM en caja jewel case
12,000013,Loom,juegos/loom-bigbox/,mercado,[],"[""España""]",descripcion: La edición española distribuida por Erbe pertenece a la etapa inicial de localización y comercialización de grandes aventuras de PC en formato físico || tags: edicion espanola
12,000013,Loom,juegos/loom-bigbox/,soporte,[],"[""Disquete 3,5\""""]",incluye: Disquetes de 3.5 pulgadas
13,000014,Alone in the Dark,juegos/alone-in-the-dark-bigbox/,mercado,[],"[""España""]",descripcion: Esta edición española distribuida por ERBE conserva el valor documental de las primeras ediciones físicas para compatibles PC || tags: edición española
13,000014,Alone in the Dark,juegos/alone-in-the-dark-bigbox/,idioma,[],"[""Español""]","incluye: Manual en castellano || descripcion: Esta edición española distribuida por ERBE conserva el valor documental de las primeras ediciones físicas para compatibles PC, con instalación desde disquetes y documentación localizada al castellano"
13,000014,Alone in the Dark,juegos/alone-in-the-dark-bigbox/,soporte,[],"[""Disquete 3,5\""""]","incluye: 4 disquetes de 3,5 pulgadas"
14,000015,Indiana Jones y la Última Cruzada: Aventura Gráfica,juegos/indiana-jones-y-la-ultima-cruzada-aventura-grafica-bigbox/,mercado,[],"[""España""]",descripcion: Edición española en caja grande de Indiana Jones y la Última Cruzada: Aventura Gráfica || descripcion: La edición distribuida por Erbe forma parte del periodo inicial de consolidación de Lucasfilm Games en el mercado español || tags: edición española
14,000015,Indiana Jones y la Última Cruzada: Aventura Gráfica,juegos/indiana-jones-y-la-ultima-cruzada-aventura-grafica-bigbox/,soporte,[],"[""Disquete 3,5\""""]","incluye: Disquetes de 3,5 pulgadas"
15,000016,Grim Fandango,juegos/grim-fandango-bigbox/,mercado,[],"[""España""]",descripcion: Edición española en caja grande de Grim Fandango || tags: edición española
15,000016,Grim Fandango,juegos/grim-fandango-bigbox/,soporte,[],"[""CD-ROM""]",incluye: CD-ROM en caja jewel case
16,000017,Master of Orion II: Battle at Antares,juegos/master-of-orion-ii-battle-at-antares-bigbox/,mercado,[],"[""España""]",descripcion: Esta edición española distribuida por Proein conserva el formato Big Box de mediados de los noventa || tags: edición española
16,000017,Master of Orion II: Battle at Antares,juegos/master-of-orion-ii-battle-at-antares-bigbox/,idioma,[],"[""Español""]","descripcion: Esta edición española distribuida por Proein conserva el formato Big Box de mediados de los noventa, con textos y manual en castellano, y representa una de las publicaciones clave de MicroProse dentro del género de estrategia compleja para MS-DOS y Windows 95"
16,000017,Master of Orion II: Battle at Antares,juegos/master-of-orion-ii-battle-at-antares-bigbox/,soporte,[],"[""CD-ROM""]",incluye: CD-ROM
17,000018,Diablo,juegos/diablo-bigbox/,mercado,[],"[""España"", ""Europa""]",descripcion: Esta edición física distribuida por Ubi Soft corresponde a una edición europea/española en caja grande || tags: edición española
17,000018,Diablo,juegos/diablo-bigbox/,idioma,[],"[""Español"", ""Inglés""]","incluye: Manual en castellano || incluye: Manual en inglés || tags: manual en castellano || tags: juego en inglés || descripcion: Esta edición física distribuida por Ubi Soft corresponde a una edición europea/española en caja grande, con manuales en castellano y juego en inglés"
17,000018,Diablo,juegos/diablo-bigbox/,soporte,[],"[""CD-ROM""]",incluye: CD-ROM en caja jewel case
18,000019,Hellfire,juegos/hellfire-bigbox/,mercado,[],"[""España""]",descripcion: Esta edición española en caja grande conserva el enfoque clásico de finales de los noventa para PC || tags: edición española
18,000019,Hellfire,juegos/hellfire-bigbox/,soporte,[],"[""CD-ROM""]",incluye: CD-ROM
19,000020,Diablo II,juegos/diablo-ii-bigbox/,mercado,[],"[""España""]",descripcion: Edición española en caja grande de Diablo II || tags: edición española
19,000020,Diablo II,juegos/diablo-ii-bigbox/,soporte,[],"[""CD-ROM""]",incluye: CD-ROM
20,000021,Diablo II: Lord of Destruction,juegos/diablo-ii-lord-of-destruction-bigbox/,mercado,[],"[""España""]",descripcion: Esta edición física española en caja grande corresponde a la expansión independiente que requiere la versión completa de Diablo II y representa una pieza relevante dentro de la preservación del RPG occidental de comienzos de los años 2000 || tags: edición española
20,000021,Diablo II: Lord of Destruction,juegos/diablo-ii-lord-of-destruction-bigbox/,soporte,[],"[""CD-ROM""]",incluye: CD-ROM
21,000022,Flashback,juegos/flashback-bigbox/,mercado,[],"[""España""]",descripcion: Esta edición española en Big Box || tags: edición española
21,000022,Flashback,juegos/flashback-bigbox/,idioma,[],"[""Español""]","incluye: Manual en castellano || descripcion: Gold, corresponde a la versión para PC compatibles en disquete de 3,5 pulgadas, con textos de caja y documentación en castellano"
21,000022,Flashback,juegos/flashback-bigbox/,soporte,[],"[""Disquete 3,5\""""]","incluye: Disquete 3,5 Disk 1/2 || incluye: Disquete 3,5 Disk 2/2"
22,000023,Dino Crisis,juegos/dino-crisis-bigbox/,mercado,[],"[""España""]",descripcion: Esta edición física española en caja grande fue distribuida por Virgin Interactive y Capcom || tags: edición española
22,000023,Dino Crisis,juegos/dino-crisis-bigbox/,idioma,[],"[""Español""]","tags: textos en castellano || descripcion: Esta edición física española en caja grande fue distribuida por Virgin Interactive y Capcom, con textos de pantalla en castellano, y representa una pieza relevante dentro del catálogo de conversiones de Capcom para PC de finales de los noventa"
22,000023,Dino Crisis,juegos/dino-crisis-bigbox/,soporte,[],"[""CD-ROM""]",incluye: CD-ROM en caja jewel case
23,000024,Caesar III,juegos/caesar-iii-bigbox/,mercado,[],"[""España""]",descripcion: Esta edición española en caja grande pertenece a la distribución física de Sierra/Havas Interactive para PC CD-ROM y destaca por presentar el juego completamente localizado al castellano || tags: edición española
23,000024,Caesar III,juegos/caesar-iii-bigbox/,idioma,[],"[""Español""]",descripcion: Esta edición española en caja grande pertenece a la distribución física de Sierra/Havas Interactive para PC CD-ROM y destaca por presentar el juego completamente localizado al castellano
23,000024,Caesar III,juegos/caesar-iii-bigbox/,soporte,[],"[""CD-ROM""]",incluye: CD-ROM
24,000025,Faraón,juegos/faraon-bigbox/,mercado,[],"[""España""]",descripcion: Esta edición española en caja grande corresponde a la distribución de Havas Interactive España y destaca por estar completamente localizada al castellano || tags: edición española
24,000025,Faraón,juegos/faraon-bigbox/,idioma,[],"[""Español""]","tags: juego localizado al castellano || descripcion: Esta edición española en caja grande corresponde a la distribución de Havas Interactive España y destaca por estar completamente localizada al castellano, conservando el enfoque enciclopédico y estratégico característico de los city builders históricos de finales de los años noventa"
24,000025,Faraón,juegos/faraon-bigbox/,soporte,[],"[""CD-ROM""]",incluye: CD-ROM en caja jewel case
25,000026,Cleopatra: La Reina del Nilo,juegos/cleopatra-la-reina-del-nilo-bigbox/,mercado,[],"[""España""]",descripcion: Esta edición española en formato Big Box distribuida por Sierra Interactive España incluye doblaje y textos en castellano y requiere la versión completa de Faraón para funcionar || tags: edición española
25,000026,Cleopatra: La Reina del Nilo,juegos/cleopatra-la-reina-del-nilo-bigbox/,idioma,[],"[""Español""]",descripcion: Esta edición española en formato Big Box distribuida por Sierra Interactive España incluye doblaje y textos en castellano y requiere la versión completa de Faraón para funcionar
25,000026,Cleopatra: La Reina del Nilo,juegos/cleopatra-la-reina-del-nilo-bigbox/,soporte,[],"[""CD-ROM""]",incluye: CD-ROM
26,000027,Throne of Darkness,juegos/throne-of-darkness-bigbox/,mercado,[],"[""España""]",descripcion: Esta edición española en formato Big Box incluye textos y contenidos localizados al castellano y representa una de las distribuciones físicas europeas más reconocibles del título || tags: edición española
26,000027,Throne of Darkness,juegos/throne-of-darkness-bigbox/,idioma,[],"[""Español""]",descripcion: Esta edición española en formato Big Box incluye textos y contenidos localizados al castellano y representa una de las distribuciones físicas europeas más reconocibles del título
26,000027,Throne of Darkness,juegos/throne-of-darkness-bigbox/,soporte,[],"[""CD-ROM""]",incluye: CD-ROM
27,000028,Age of Empires,juegos/age-of-empires-bigbox/,mercado,[],"[""España""]",descripcion: Esta edición española en formato Big Box incluye software || tags: edición española
27,000028,Age of Empires,juegos/age-of-empires-bigbox/,idioma,[],"[""Español""]","descripcion: Esta edición española en formato Big Box incluye software, árbol tecnológico y documentación en castellano, y representa una de las primeras grandes apuestas de Microsoft dentro del mercado de juegos para PC"
27,000028,Age of Empires,juegos/age-of-empires-bigbox/,soporte,[],"[""CD-ROM""]",incluye: CD-ROM
28,000029,Age of Empires: The Rise of Rome,juegos/age-of-empires-rise-of-rome-bigbox/,mercado,[],"[""España""]",descripcion: Esta edición española en formato Big Box requiere la versión completa de Age of Empires e incluye documentación localizada al castellano || tags: edición española
28,000029,Age of Empires: The Rise of Rome,juegos/age-of-empires-rise-of-rome-bigbox/,idioma,[],"[""Español""]",descripcion: Esta edición española en formato Big Box requiere la versión completa de Age of Empires e incluye documentación localizada al castellano
28,000029,Age of Empires: The Rise of Rome,juegos/age-of-empires-rise-of-rome-bigbox/,soporte,[],"[""CD-ROM""]",incluye: CD-ROM
29,000030,Age of Empires. Gold Edition,juegos/age-of-empires-gold-edition-bigbox/,mercado,[],"[""España""]",descripcion: Esta edición española en formato Big Box representa una de las recopilaciones más reconocidas de la franquicia original y constituye una pieza importante dentro de la preservación histórica de los juegos de estrategia para PC || tags: edición española
29,000030,Age of Empires. Gold Edition,juegos/age-of-empires-gold-edition-bigbox/,soporte,[],"[""CD-ROM""]",incluye: CD-ROM
29,000030,Age of Empires. Gold Edition,juegos/age-of-empires-gold-edition-bigbox/,tipo_edicion,[],"[""Compilación""]",descripcion: Age of Empires Edición Gold es una recopilación que reúne el juego original Age of Empires y su expansión oficial El Auge de Roma en una única edición comercial
30,000031,Age of Empires II: The Age of Kings,juegos/age-of-empires-ii-bigbox/,mercado,[],"[""España""]",descripcion: Esta edición española en formato Big Box incluye documentación localizada y material adicional como la tabla de atributos de civilizaciones || tags: edición española
30,000031,Age of Empires II: The Age of Kings,juegos/age-of-empires-ii-bigbox/,soporte,[],"[""CD-ROM""]",incluye: CD-ROM
31,000032,Age of Empires II. The Conquerors. Expansion,juegos/age-of-empires-ii-the-conquerors-expansion-bigbox/,mercado,[],"[""España""]",descripcion: Esta edición española en formato Big Box incluye documentación localizada y representa una de las versiones físicas más reconocidas y preservadas de la saga || tags: edición española
31,000032,Age of Empires II. The Conquerors. Expansion,juegos/age-of-empires-ii-the-conquerors-expansion-bigbox/,soporte,[],"[""CD-ROM""]",incluye: CD-ROM
32,000033,Age of Empires II: Gold Edition,juegos/age-of-empires-ii-edicion-gold-bigbox/,mercado,[],"[""España""]",tags: edición española
32,000033,Age of Empires II: Gold Edition,juegos/age-of-empires-ii-edicion-gold-bigbox/,soporte,[],"[""CD-ROM""]",incluye: 2 CD-ROM
32,000033,Age of Empires II: Gold Edition,juegos/age-of-empires-ii-edicion-gold-bigbox/,tipo_edicion,[],"[""Compilación""]",descripcion: Age of Empires II Edición Gold es una recopilación que incluye Age of Empires II: The Age of Kings y su expansión oficial The Conquerors Expansion en una única edición comercial
33,000034,Age of Mythology,juegos/age-of-mythology-bigbox/,soporte,[],"[""CD-ROM""]",incluye: 2 CD-ROM
34,000035,Maniac Mansion,juegos/maniac-mansion-bigbox/,mercado,[],"[""España""]",descripcion: Esta edición española distribuida por Erbe Software en formato Big Box para disquete incluye materiales clásicos de protección y documentación física característicos de las primeras ediciones europeas de finales de los años 80 || tags: edición española
34,000035,Maniac Mansion,juegos/maniac-mansion-bigbox/,soporte,[],"[""Disquete 5,25\""""]","incluye: Disquetes de 5,25"
35,000036,Civilization: Call to Power,juegos/call-to-power-bigbox/,mercado,[],"[""España""]",descripcion: Esta edición española distribuida por Proein incluye textos y documentación en castellano y representa una de las grandes producciones de estrategia para PC de finales de los años noventa || tags: edicion española
35,000036,Civilization: Call to Power,juegos/call-to-power-bigbox/,idioma,[],"[""Español""]","descripcion: Esta edición española distribuida por Proein incluye textos y documentación en castellano y representa una de las grandes producciones de estrategia para PC de finales de los años noventa, en plena expansión del mercado Big Box europeo"
35,000036,Civilization: Call to Power,juegos/call-to-power-bigbox/,soporte,[],"[""CD-ROM""]",incluye: CD-ROM
36,000037,Call to Power II,juegos/call-to-power-ii-bigbox/,mercado,[],"[""España""]",descripcion: La edición española distribuida por Proein se comercializó en formato Big Box e incluía versión en CD-ROM para Windows de finales de los años noventa y comienzos de los 2000 || tags: edicion española
36,000037,Call to Power II,juegos/call-to-power-ii-bigbox/,soporte,[],"[""CD-ROM""]",incluye: CD-ROM
37,000038,Darkstone: Evil Reigns,juegos/darkstone-evil-reigns-bigbox/,soporte,[],"[""CD-ROM""]",incluye: CD-ROM
38,000039,Silver,juegos/silver-bigbox/,mercado,[],"[""España""]",descripcion: Esta edición española en formato Big Box incluye textos y voces en castellano y representa una de las producciones europeas más ambiciosas del periodo de transición entre Windows 95 y Windows 98 || tags: Edición española
38,000039,Silver,juegos/silver-bigbox/,idioma,[],"[""Español""]",descripcion: Esta edición española en formato Big Box incluye textos y voces en castellano y representa una de las producciones europeas más ambiciosas del periodo de transición entre Windows 95 y Windows 98
38,000039,Silver,juegos/silver-bigbox/,soporte,[],"[""CD-ROM""]",incluye: CD-ROM
39,000040,Lands of Lore II: Guardians of Destiny,juegos/lands-of-lore-ii-guardians-of-destiny-bigbox/,mercado,[],"[""España""]",tags: Edición española
39,000040,Lands of Lore II: Guardians of Destiny,juegos/lands-of-lore-ii-guardians-of-destiny-bigbox/,soporte,[],"[""CD-ROM""]",incluye: CD-ROM
40,000041,StarCraft,juegos/starcraft-bigbox/,mercado,[],"[""España""]",tags: Edición española
40,000041,StarCraft,juegos/starcraft-bigbox/,idioma,[],"[""Español""]","descripcion: Esta edición física Big Box en castellano incluye doblaje y textos localizados al español, representando una de las distribuciones europeas más reconocibles del título durante finales de los años noventa"
40,000041,StarCraft,juegos/starcraft-bigbox/,soporte,[],"[""CD-ROM""]",incluye: CD-ROM
41,000042,StarCraft: Brood War - Expansion Set,juegos/starcraft-brood-war-expansion-set-bigbox/,mercado,[],"[""España""]",descripcion: La edición española en formato Big Box distribuida por Sierra incluía el juego completo en CD-ROM y material impreso relacionado con las nuevas unidades y árboles tecnológicos de cada raza || tags: Edición española
41,000042,StarCraft: Brood War - Expansion Set,juegos/starcraft-brood-war-expansion-set-bigbox/,soporte,[],"[""CD-ROM""]",incluye: CD-ROM
42,000043,Pool of Radiance,juegos/pool-of-radiance-bigbox/,mercado,[],"[""España""]",descripcion: La edición distribuida en España por Ubisoft incluye presentación en formato Big Box e integra elementos característicos del PC gaming de transición entre finales de los noventa y comienzos de los 2000 || tags: Edicion española
42,000043,Pool of Radiance,juegos/pool-of-radiance-bigbox/,soporte,[],"[""CD-ROM""]",incluye: CD-ROM
43,000044,Pool of Radiance: Ruins of Myth Drannor,juegos/pool-of-radiance-ruins-of-myth-drannor-bigbox/,mercado,[],"[""España""]",tags: Edición española
43,000044,Pool of Radiance: Ruins of Myth Drannor,juegos/pool-of-radiance-ruins-of-myth-drannor-bigbox/,soporte,[],"[""CD-ROM""]",incluye: CD-ROM
43,000044,Pool of Radiance: Ruins of Myth Drannor,juegos/pool-of-radiance-ruins-of-myth-drannor-bigbox/,tipo_edicion,[],"[""Edición coleccionista""]",tags: Edición coleccionista || descripcion: Esta edición coleccionista distribuida por Ubisoft en España incluía diversos extras físicos para coleccionistas y representa uno de los últimos títulos de SSI asociados oficialmente a la licencia clásica de Dungeons & Dragons para PC
44,000045,Broken Sword: La Leyenda de los Templarios,juegos/broken-sword-la-leyenda-de-los-templarios-bigbox/,mercado,[],"[""España""]",descripcion: Esta edición española en formato Big Box distribuida por Virgin Interactive incluye textos y documentación localizados al castellano y representa uno de los lanzamientos más emblemáticos de la edad dorada del género point and click en PC Windows || tags: edicion española
44,000045,Broken Sword: La Leyenda de los Templarios,juegos/broken-sword-la-leyenda-de-los-templarios-bigbox/,idioma,[],"[""Español""]",descripcion: Esta edición española en formato Big Box distribuida por Virgin Interactive incluye textos y documentación localizados al castellano y representa uno de los lanzamientos más emblemáticos de la edad dorada del género point and click en PC Windows
44,000045,Broken Sword: La Leyenda de los Templarios,juegos/broken-sword-la-leyenda-de-los-templarios-bigbox/,soporte,[],"[""CD-ROM""]",incluye: CD-ROM
45,000046,Broken Sword II: Las Fuerzas del Mal,juegos/broken-sword-ii-las-fuerzas-del-mal-bigbox/,mercado,[],"[""España""]",descripcion: animaciones 2D de alta calidad y doblaje completo al castellano en su edición española || tags: edición española
45,000046,Broken Sword II: Las Fuerzas del Mal,juegos/broken-sword-ii-las-fuerzas-del-mal-bigbox/,soporte,[],"[""CD-ROM""]",incluye: CD-ROM
46,000047,Druuna: Morbus Gravis,juegos/druuna-morbus-gravis-bigbox/,mercado,[],"[""España""]",descripcion: Esta edición española distribuida por Baccheera y Microïds incluye doblaje y textos en castellano || tags: edición española
46,000047,Druuna: Morbus Gravis,juegos/druuna-morbus-gravis-bigbox/,idioma,[],"[""Español""]","descripcion: Esta edición española distribuida por Baccheera y Microïds incluye doblaje y textos en castellano, y fue publicada en formato Big Box durante la etapa final del mercado clásico de aventuras gráficas europeas en PC"
46,000047,Druuna: Morbus Gravis,juegos/druuna-morbus-gravis-bigbox/,soporte,[],"[""CD-ROM""]",incluye: CD-ROM
47,000048,Black Crown,juegos/black-crown-bigbox/,soporte,[],"[""Disquete 3,5\""""]","incluye: Disquetes de 3,5"
48,000049,Resident Evil 2,juegos/resident-evil-2-bigbox/,mercado,[],"[""España""]",descripcion: La versión para Windows distribuida en España por Virgin Interactive incluye secuencias FMV || descripcion: Esta edición Big Box española representa una de las distribuciones físicas más reconocibles del survival horror en PC a finales de los años noventa || tags: Edición española
48,000049,Resident Evil 2,juegos/resident-evil-2-bigbox/,soporte,[],"[""CD-ROM""]",incluye: CD-ROM
49,000050,Empire Earth,juegos/empire-earth-bigbox/,mercado,[],"[""España""]",descripcion: Esta edición española distribuida por Sierra incluye doblaje y documentación localizada al castellano || tags: edición española
49,000050,Empire Earth,juegos/empire-earth-bigbox/,idioma,[],"[""Español""]","descripcion: Esta edición española distribuida por Sierra incluye doblaje y documentación localizada al castellano, y representa una de las grandes producciones de estrategia para PC de comienzos de los años 2000"
49,000050,Empire Earth,juegos/empire-earth-bigbox/,soporte,[],"[""CD-ROM""]",incluye: CD-ROM
50,000051,Lost Eden,juegos/lost-eden-bigbox/,soporte,[],"[""CD-ROM""]",incluye: CD-ROM
51,000052,Decisive Battles of WWII: The Ardennes Offensive,juegos/decisive-battles-of-wwii-the-ardennes-offensive-bigbox/,mercado,[],"[""España""]",descripcion: Esta edición española distribuida por Proein incluye versión localizada al castellano y soporte para Windows 95 || tags: Edición española
51,000052,Decisive Battles of WWII: The Ardennes Offensive,juegos/decisive-battles-of-wwii-the-ardennes-offensive-bigbox/,idioma,[],"[""Español""]",descripcion: Esta edición española distribuida por Proein incluye versión localizada al castellano y soporte para Windows 95
51,000052,Decisive Battles of WWII: The Ardennes Offensive,juegos/decisive-battles-of-wwii-the-ardennes-offensive-bigbox/,soporte,[],"[""CD-ROM""]",incluye: CD-ROM
52,000053,Commandos: Behind Enemy Lines,juegos/commandos-behind-enemy-lines-bigbox/,mercado,[],"[""España""]",descripcion: La edición española distribuida por Proein se convirtió en uno de los mayores éxitos internacionales de la industria española del videojuego || tags: Edición española
52,000053,Commandos: Behind Enemy Lines,juegos/commandos-behind-enemy-lines-bigbox/,soporte,[],"[""CD-ROM""]",incluye: CD-ROM
53,000054,Commandos: Más Allá del Deber,juegos/commandos-mas-alla-del-deber-bigbox/,mercado,[],"[""España""]",descripcion: Esta edición española distribuida por Proein en formato Big Box incluye una campaña independiente que no requiere el juego original para funcionar || tags: Edición española
53,000054,Commandos: Más Allá del Deber,juegos/commandos-mas-alla-del-deber-bigbox/,soporte,[],"[""CD-ROM""]",incluye: CD-ROM
54,000055,Theme Park World,juegos/theme-park-world-bigbox/,mercado,[],"[""España""]",descripcion: Esta edición española distribuida por Electronic Arts incluye traducción y doblaje al castellano || tags: edición española
54,000055,Theme Park World,juegos/theme-park-world-bigbox/,idioma,[],"[""Español""]",tags: doblado al castellano
54,000055,Theme Park World,juegos/theme-park-world-bigbox/,soporte,[],"[""CD-ROM""]",incluye: CD-ROM
55,000056,Duelo de Hechiceros,juegos/duelo-de-hechiceros-bigbox/,mercado,[],"[""España""]",descripcion: Edición española en formato Big Box de Duelo de Hechiceros || tags: edición española
56,000057,Patriot,juegos/patriot-bigbox/,soporte,[],"[""Disquete 3,5\""""]","incluye: Disquetes de 3,5 pulgadas"
57,000058,Death Rally,juegos/death-rally-bigbox/,mercado,[],"[""Europa""]",descripcion: Esta edición física en formato Big Box incluye distribución europea con clasificación por edades y referencia promocional al personaje Duke Nukem
57,000058,Death Rally,juegos/death-rally-bigbox/,soporte,[],"[""CD-ROM""]",incluye: CD-ROM
58,000059,RollerCoaster Tycoon,juegos/rollercoaster-tycoon-bigbox/,soporte,[],"[""CD-ROM""]",incluye: CD-ROM
59,000060,Frankenstein: Through the Eyes of the Monster,juegos/frankenstein-through-the-eyes-of-the-monster-bigbox/,mercado,[],"[""España""]",descripcion: Esta edición distribuida en España por Arcadia Software incluye documentación en castellano y conserva el formato Big Box clásico de PC || tags: Edición española
59,000060,Frankenstein: Through the Eyes of the Monster,juegos/frankenstein-through-the-eyes-of-the-monster-bigbox/,idioma,[],"[""Español""]",descripcion: Esta edición distribuida en España por Arcadia Software incluye documentación en castellano y conserva el formato Big Box clásico de PC
59,000060,Frankenstein: Through the Eyes of the Monster,juegos/frankenstein-through-the-eyes-of-the-monster-bigbox/,soporte,[],"[""CD-ROM""]",incluye: CD-ROM
60,000061,Command & Conquer,juegos/command-and-conquer-bigbox/,soporte,[],"[""CD-ROM""]",incluye: CD-ROM
61,000062,Command & Conquer: Tiberian Sun,juegos/command-and-conquer-tiberian-sun-bigbox/,mercado,[],"[""España""]",descripcion: Esta edición española para PC incluye traducción y doblaje al castellano || tags: edición española
61,000062,Command & Conquer: Tiberian Sun,juegos/command-and-conquer-tiberian-sun-bigbox/,idioma,[],"[""Español""]",tags: doblado al castellano
61,000062,Command & Conquer: Tiberian Sun,juegos/command-and-conquer-tiberian-sun-bigbox/,soporte,[],"[""CD-ROM""]",incluye: CD-ROM
62,000063,Command & Conquer: Red Alert,juegos/command-and-conquer-red-alert-bigbox/,mercado,[],"[""España""]",descripcion: Esta edición española distribuida por Virgin Interactive incluye localización parcial al castellano y soporte tanto para MS-DOS como para Windows 95 || tags: Edición española
62,000063,Command & Conquer: Red Alert,juegos/command-and-conquer-red-alert-bigbox/,soporte,[],"[""CD-ROM""]",incluye: CD-ROM
63,000064,Command & Conquer: Red Alert - Counterstrike,juegos/command-and-conquer-red-alert-counterstrike-bigbox/,soporte,[],"[""CD-ROM""]",incluye: CD-ROM
64,000065,Command & Conquer: Red Alert - The Aftermath,juegos/command-and-conquer-red-alert-the-aftermath-bigbox/,mercado,[],"[""España""]",descripcion: Esta edición española distribuida por Virgin Interactive España se presenta en formato Big Box e incluye el juego en CD-ROM compatible con entornos Windows 95 y MS-DOS || tags: Edición española
64,000065,Command & Conquer: Red Alert - The Aftermath,juegos/command-and-conquer-red-alert-the-aftermath-bigbox/,soporte,[],"[""CD-ROM""]",incluye: CD-ROM
65,000066,Heroes of Might and Magic: A Strategic Quest,juegos/heroes-of-might-and-magic-bigbox/,soporte,[],"[""CD-ROM""]",incluye: CD-ROM
66,000067,Heroes of Might and Magic II: The Succession Wars,juegos/heroes-of-might-and-magic-ii-bigbox/,mercado,[],"[""España""]",descripcion: siendo una de las versiones más reconocibles del mercado español de PC || tags: Edición española
66,000067,Heroes of Might and Magic II: The Succession Wars,juegos/heroes-of-might-and-magic-ii-bigbox/,idioma,[],"[""Español""]","descripcion: La edición distribuida por Proein en España incluye traducción del manual y textos al castellano, siendo una de las versiones más reconocibles del mercado español de PC"
66,000067,Heroes of Might and Magic II: The Succession Wars,juegos/heroes-of-might-and-magic-ii-bigbox/,soporte,[],"[""CD-ROM""]",incluye: CD-ROM
67,000068,Heroes of Might and Magic III: The Restoration of Erathia,juegos/heroes-of-might-and-magic-iii-bigbox/,mercado,[],"[""España""]",descripcion: Esta edición distribuida en España por Proein corresponde a la edición física Big Box en CD-ROM para Windows 95/98 || tags: Edición española
67,000068,Heroes of Might and Magic III: The Restoration of Erathia,juegos/heroes-of-might-and-magic-iii-bigbox/,soporte,[],"[""CD-ROM""]",incluye: CD-ROM
68,000069,The Ultimate Doom: The Flesh Consumed,juegos/the-ultimate-doom-the-flesh-consumed-bigbox/,anio,"""""","""1995""","descripcion: edición comercial ampliada del Doom original, publicada en 1995"
68,000069,The Ultimate Doom: The Flesh Consumed,juegos/the-ultimate-doom-the-flesh-consumed-bigbox/,mercado,[],"[""Europa""]",descripcion: Esta edición europea en caja grande para IBM PC compatibles conserva especial interés documental por representar la transición de Doom desde su distribución shareware inicial hacia una edición física completa en CD-ROM
68,000069,The Ultimate Doom: The Flesh Consumed,juegos/the-ultimate-doom-the-flesh-consumed-bigbox/,soporte,[],"[""CD-ROM""]",incluye: CD-ROM en caja jewel case
69,000070,Forsaken,juegos/forsaken-bigbox/,mercado,[],"[""Europa""]",descripcion: Esta edición física europea en formato Big Box corresponde a la versión para PC CD-ROM y representa bien el periodo de transición del videojuego de PC hacia el uso generalizado de aceleradoras 3D y requisitos específicos de Windows 95 || tags: edicion europea
69,000070,Forsaken,juegos/forsaken-bigbox/,soporte,[],"[""CD-ROM""]",incluye: CD-ROM en caja jewel case
70,000071,Links: The Challenge of Golf,juegos/links-the-challenge-of-golf-bigbox/,mercado,[],"[""España""]",descripcion: Esta edición distribuida en España por Erbe Software incluye el campo adicional Pinehurst Resort & Country Club como contenido promocional
70,000071,Links: The Challenge of Golf,juegos/links-the-challenge-of-golf-bigbox/,soporte,[],"[""Disquete 5,25\""""]","incluye: Disquetes de 5,25 pulgadas"
71,000072,The Rise & Rule of Ancient Empires,juegos/the-rise-and-rule-of-ancient-empires-bigbox/,mercado,[],"[""España""]",descripcion: Esta edición española en caja grande para CD-ROM conserva especial interés documental por incluir manual traducido al español y compatibilidad indicada para Windows 3 || tags: edición española
71,000072,The Rise & Rule of Ancient Empires,juegos/the-rise-and-rule-of-ancient-empires-bigbox/,idioma,[],"[""Español""]",tags: manual en castellano || descripcion: Esta edición española en caja grande para CD-ROM conserva especial interés documental por incluir manual traducido al español y compatibilidad indicada para Windows 3
71,000072,The Rise & Rule of Ancient Empires,juegos/the-rise-and-rule-of-ancient-empires-bigbox/,soporte,[],"[""CD-ROM""]",incluye: CD-ROM en caja jewel case
72,000073,Los archivos secretos de Sherlock Holmes,juegos/los-archivos-secretos-de-sherlock-holmes-bigbox/,mercado,[],"[""España""]",descripcion: Edición española en formato Big Box de la aventura gráfica clásica Sherlock Holmes: Consulting Detective Vol || tags: Edición española
74,000075,Secret Weapons of the Luftwaffe,juegos/secret-weapons-of-the-luftwaffe-bigbox/,mercado,[],"[""España""]",descripcion: Esta edición española distribuida por Erbe Software incluye manual extenso y versión en disquetes de 3½ || tags: Edición española
75,000076,Hexplore,juegos/hexplore-bigbox/,mercado,[],"[""España""]",descripcion: Esta edición Big Box corresponde a la distribución española comercializada por Ocean e Infogrames Ibérica || tags: edicion espanola
75,000076,Hexplore,juegos/hexplore-bigbox/,idioma,[],"[""Español""]","descripcion: Esta edición Big Box corresponde a la distribución española comercializada por Ocean e Infogrames Ibérica, incluyendo textos localizados al castellano y soporte para multijugador online"
75,000076,Hexplore,juegos/hexplore-bigbox/,soporte,[],"[""CD-ROM""]",incluye: CD-ROM
76,000077,War in the Gulf,juegos/war-in-the-gulf-bigbox/,mercado,[],"[""Europa""]",tags: edición europea
76,000077,War in the Gulf,juegos/war-in-the-gulf-bigbox/,soporte,[],"[""Disquete 3,5\""""]","incluye: Disquete de 3,5 pulgadas"
77,000078,Gangsters: Organized Crime,juegos/gangsters-organized-crime-bigbox/,mercado,[],"[""España""]",descripcion: Esta edición española en formato Big Box distribuida por Proein incluye textos || tags: edición española
77,000078,Gangsters: Organized Crime,juegos/gangsters-organized-crime-bigbox/,idioma,[],"[""Español""]","incluye: Manual en castellano || tags: voces en castellano || tags: manual en castellano || descripcion: Esta edición española en formato Big Box distribuida por Proein incluye textos, voces y manual en castellano, conservando el interés documental de las ediciones localizadas de estrategia para PC de finales de los noventa"
77,000078,Gangsters: Organized Crime,juegos/gangsters-organized-crime-bigbox/,soporte,[],"[""CD-ROM""]",incluye: CD-ROM en caja jewel case
78,000079,Soulbringer,juegos/soulbringer-bigbox/,mercado,[],"[""Europa""]",descripcion: Esta edición europea distribuida por Infogrames corresponde a la versión física en caja grande para PC CD-ROM || tags: edición europea
78,000079,Soulbringer,juegos/soulbringer-bigbox/,idioma,[],"[""Español""]","tags: voces en español || tags: subtítulos en español || descripcion: Esta edición europea distribuida por Infogrames corresponde a la versión física en caja grande para PC CD-ROM, con voces y subtítulos en español, y conserva interés documental como ejemplo de RPG occidental de transición entre finales de los noventa y comienzos de los años 2000"
78,000079,Soulbringer,juegos/soulbringer-bigbox/,soporte,[],"[""CD-ROM""]",incluye: 2 CD-ROM
79,000080,Dungeon Keeper,juegos/dungeon-keeper-bigbox/,mercado,[],"[""España""]",descripcion: Esta edición española en caja grande destaca por estar traducida y doblada al castellano || tags: edición española
79,000080,Dungeon Keeper,juegos/dungeon-keeper-bigbox/,idioma,[],"[""Español""]","tags: doblado al castellano || tags: traducido al castellano || descripcion: Esta edición española en caja grande destaca por estar traducida y doblada al castellano, y conserva el valor documental de las distribuciones localizadas por Electronic Arts Software para PC CD-ROM de finales de los noventa"
79,000080,Dungeon Keeper,juegos/dungeon-keeper-bigbox/,soporte,[],"[""CD-ROM""]",incluye: CD-ROM en caja jewel case
80,000081,Dungeon Keeper 2,juegos/dungeon-keeper-2-bigbox/,mercado,[],"[""Países Bajos""]",tags: edición neerlandesa
80,000081,Dungeon Keeper 2,juegos/dungeon-keeper-2-bigbox/,idioma,[],"[""Neerlandés""]","descripcion: La edición física mostrada corresponde a una Big Box neerlandesa en CD-ROM, con documentación localizada y materiales de referencia específicos para la versión en neerlandés"
80,000081,Dungeon Keeper 2,juegos/dungeon-keeper-2-bigbox/,soporte,[],"[""CD-ROM""]",incluye: 2 CD-ROM
81,000082,Wizardry: Crusaders of the Dark Savant,juegos/wizardry-crusaders-of-the-dark-savant-bigbox/,soporte,[],"[""Disquete 3,5\""""]","incluye: Disquetes de 3,5 pulgadas"
82,000083,Legacy of Kain: Soul Reaver,juegos/legacy-of-kain-soul-reaver-bigbox/,mercado,[],"[""España""]",descripcion: Esta edición española en caja grande para PC CD-ROM fue distribuida por Proein y se presenta completamente localizada al castellano || tags: edición española
82,000083,Legacy of Kain: Soul Reaver,juegos/legacy-of-kain-soul-reaver-bigbox/,idioma,[],"[""Español""]",descripcion: Esta edición española en caja grande para PC CD-ROM fue distribuida por Proein y se presenta completamente localizada al castellano
82,000083,Legacy of Kain: Soul Reaver,juegos/legacy-of-kain-soul-reaver-bigbox/,soporte,[],"[""CD-ROM""]",incluye: CD-ROM en caja jewel case
83,000084,Panzer General,juegos/panzer-general-bigbox/,mercado,[],"[""España""]",descripcion: Esta edición española en caja grande distribuida por Dro Soft corresponde a la versión para IBM PC y compatibles en disquetes de 3 || descripcion: con documentación localizada y una presentación física representativa del mercado español de estrategia para MS-DOS de mediados de los noventa || tags: edición española
83,000084,Panzer General,juegos/panzer-general-bigbox/,soporte,[],"[""Disquete 3,5\""""]","incluye: 6 disquetes de 3,5 pulgadas"
84,000085,Panzer General II,juegos/panzer-general-ii-bigbox/,mercado,[],"[""España""]",descripcion: Esta edición española en caja grande para PC CD-ROM Windows 95 || tags: edición española
84,000085,Panzer General II,juegos/panzer-general-ii-bigbox/,idioma,[],"[""Español""]",incluye: Manual de usuario en castellano || tags: manual en castellano
84,000085,Panzer General II,juegos/panzer-general-ii-bigbox/,soporte,[],"[""CD-ROM""]",incluye: CD-ROM en caja jewel case
85,000086,Panzer General III: Scorched Earth,juegos/panzer-general-iii-bigbox/,soporte,[],"[""CD-ROM""]",incluye: CD-ROM
86,000087,Panzer General II: Allied General,juegos/panzer-general-ii-allied-general-bigbox/,mercado,[],"[""España""]",descripcion: Edición española en caja grande distribuida por Proein de Panzer General II || tags: edición española
86,000087,Panzer General II: Allied General,juegos/panzer-general-ii-allied-general-bigbox/,idioma,[],"[""Español""]","tags: manual en castellano || descripcion: x y Windows 95, uso de CD-ROM, manual en castellano y documentación impresa orientada al usuario doméstico"
86,000087,Panzer General II: Allied General,juegos/panzer-general-ii-allied-general-bigbox/,soporte,[],"[""CD-ROM""]",incluye: CD-ROM
87,000088,Allied General,juegos/allied-general-bigbox/,soporte,[],"[""CD-ROM""]",incluye: CD-ROM
88,000089,Pacific General,juegos/pacific-general-bigbox/,mercado,[],"[""España""]",descripcion: Esta edición española en caja grande para PC CD-ROM || tags: edición española
88,000089,Pacific General,juegos/pacific-general-bigbox/,idioma,[],"[""Español""]",tags: manual en castellano
88,000089,Pacific General,juegos/pacific-general-bigbox/,soporte,[],"[""CD-ROM""]",incluye: CD-ROM en caja jewel case
89,000090,Steel Panthers,juegos/steel-panthers-esp-bigbox/,mercado,[],"[""España""]",descripcion: Esta edición Big Box distribuida en España por Proein bajo sello Mindscape/SSI incorpora manual en castellano y resulta especialmente interesante para preservación por conservar tanto el juego base en CD-ROM como material asociado al Steel Panthers Campaign Disk || tags: edición española
89,000090,Steel Panthers,juegos/steel-panthers-esp-bigbox/,idioma,[],"[""Español""]",tags: manual en castellano || descripcion: Esta edición Big Box distribuida en España por Proein bajo sello Mindscape/SSI incorpora manual en castellano y resulta especialmente interesante para preservación por conservar tanto el juego base en CD-ROM como material asociado al Steel Panthers Campaign Disk
89,000090,Steel Panthers,juegos/steel-panthers-esp-bigbox/,soporte,[],"[""CD-ROM""]",incluye: CD-ROM del juego en caja jewel case || incluye: CD-ROM Steel Panthers Campaign Disk en caja jewel case
90,000091,Los Sims,juegos/los-sims-bigbox/,mercado,[],"[""España""]",descripcion: Esta edición española en caja grande para PC CD-ROM || tags: edición española
90,000091,Los Sims,juegos/los-sims-bigbox/,idioma,[],"[""Español""]","tags: traducido al castellano || descripcion: Esta edición española en caja grande para PC CD-ROM, traducida al castellano, representa el inicio físico de una de las sagas más influyentes y populares del videojuego de PC, especialmente relevante para documentar el cambio cultural que supuso llevar la simulación de vida al gran público"
90,000091,Los Sims,juegos/los-sims-bigbox/,soporte,[],"[""CD-ROM""]",incluye: CD-ROM en caja jewel case
91,000092,Los Sims: Más vivos que nunca,juegos/los-sims-mas-vivos-que-nunca-bigbox/,mercado,[],"[""España""]",descripcion: Esta edición española en caja grande || tags: edición española
91,000092,Los Sims: Más vivos que nunca,juegos/los-sims-mas-vivos-que-nunca-bigbox/,idioma,[],"[""Español""]","tags: traducido al castellano || descripcion: Esta edición española en caja grande, traducida al castellano y dependiente del juego base Los Sims, conserva especial interés documental por representar el inicio del modelo de expansiones físicas que marcaría profundamente la historia comercial de la saga en PC"
91,000092,Los Sims: Más vivos que nunca,juegos/los-sims-mas-vivos-que-nunca-bigbox/,soporte,[],"[""CD-ROM""]",incluye: CD-ROM en caja jewel case
92,000093,Zeus: Señor del Olimpo,juegos/zeus-senor-del-olimpo-bigbox/,mercado,[],"[""España""]",descripcion: Esta edición española en caja grande para PC CD-ROM Windows 95/98 fue distribuida por Sierra/Havas Interactive España y destaca por estar completamente localizada al castellano || tags: edición española
92,000093,Zeus: Señor del Olimpo,juegos/zeus-senor-del-olimpo-bigbox/,idioma,[],"[""Español""]","descripcion: Esta edición española en caja grande para PC CD-ROM Windows 95/98 fue distribuida por Sierra/Havas Interactive España y destaca por estar completamente localizada al castellano, conservando especial interés para la documentación de los city builders históricos de finales de los noventa y comienzos de los 2000"
92,000093,Zeus: Señor del Olimpo,juegos/zeus-senor-del-olimpo-bigbox/,soporte,[],"[""CD-ROM""]",incluye: CD-ROM en caja jewel case
93,000094,Dark Sun: Shattered Lands,juegos/dark-sun-shattered-lands-bigbox/,mercado,[],"[""España""]",descripcion: Esta edición española en caja grande editada y distribuida por Dro Soft destaca por su localización al castellano y por conservar una etapa muy significativa del rol de PC anterior a la hegemonía del CD-ROM || tags: edición española
93,000094,Dark Sun: Shattered Lands,juegos/dark-sun-shattered-lands-bigbox/,idioma,[],"[""Español""]",tags: software traducido al castellano
93,000094,Dark Sun: Shattered Lands,juegos/dark-sun-shattered-lands-bigbox/,soporte,[],"[""Disquete 3,5\""""]","incluye: 5 disquetes de 3,5 HD"
94,000095,Avalon Hill's Squad Leader,juegos/squad-leader-esp-bigbox/,mercado,[],"[""España""]",descripcion: Esta edición española en caja grande para PC CD-ROM || tags: edición española
94,000095,Avalon Hill's Squad Leader,juegos/squad-leader-esp-bigbox/,soporte,[],"[""CD-ROM""]",incluye: CD-ROM en caja jewel case
95,000096,Conqueror: A.D. 1086,juegos/conqueror-ad-1086-bigbox/,mercado,[],"[""España""]",descripcion: Esta edición española en caja grande conserva especial interés documental por tratarse de la versión original con manual traducido al español y distribución de Sierra/Coktel Educative en formato CD-ROM compatible con DOS y Windows 95 || tags: edición española
95,000096,Conqueror: A.D. 1086,juegos/conqueror-ad-1086-bigbox/,idioma,[],"[""Español""]",tags: manual en español || descripcion: Esta edición española en caja grande conserva especial interés documental por tratarse de la versión original con manual traducido al español y distribución de Sierra/Coktel Educative en formato CD-ROM compatible con DOS y Windows 95
95,000096,Conqueror: A.D. 1086,juegos/conqueror-ad-1086-bigbox/,soporte,[],"[""CD-ROM""]",incluye: CD-ROM en caja jewel case
96,000097,Duke Nukem 3D,juegos/duke-nukem-3d-bigbox/,mercado,[],"[""Europa""]",tags: edición europea
96,000097,Duke Nukem 3D,juegos/duke-nukem-3d-bigbox/,soporte,[],"[""CD-ROM""]",incluye: CD-ROM en caja jewel case
97,000098,Majesty: The Fantasy Kingdom Sim,juegos/majesty-the-fantasy-kingdom-sim-bigbox/,mercado,[],"[""España""]",descripcion: La edición española en caja grande distribuida por Proein conserva manual en castellano y software en inglés || descripcion: representando una publicación física tardía de MicroProse/Hasbro en el mercado español de PC CD-ROM || tags: edición española
97,000098,Majesty: The Fantasy Kingdom Sim,juegos/majesty-the-fantasy-kingdom-sim-bigbox/,idioma,[],"[""Español"", ""Inglés""]","incluye: Manual en castellano || tags: software en inglés || tags: manual en castellano || descripcion: La edición española en caja grande distribuida por Proein conserva manual en castellano y software en inglés, representando una publicación física tardía de MicroProse/Hasbro en el mercado español de PC CD-ROM"
97,000098,Majesty: The Fantasy Kingdom Sim,juegos/majesty-the-fantasy-kingdom-sim-bigbox/,soporte,[],"[""CD-ROM""]",incluye: CD-ROM en caja jewel case
98,000099,Zork: Grand Inquisitor,juegos/zork-grand-inquisitor-bigbox/,mercado,[],"[""España""]",descripcion: Esta edición española en caja grande conserva especial interés documental por representar una de las últimas grandes producciones comerciales vinculadas a la marca Zork en la era del CD-ROM multimedia || tags: edición española
98,000099,Zork: Grand Inquisitor,juegos/zork-grand-inquisitor-bigbox/,soporte,[],"[""CD-ROM""]",incluye: CD-ROM en caja jewel case
99,000100,Fantasy General,juegos/fantasy-general-bigbox/,soporte,[],"[""CD-ROM""]",incluye: CD-ROM
100,000101,Star General,juegos/star-general-bigbox/,soporte,[],"[""CD-ROM""]",incluye: CD-ROM
101,000102,Steel Panthers,juegos/steel-panthers-us-bigbox/,mercado,[],"[""España""]",descripcion: Esta edición Big Box distribuida en España por Proein bajo sello Mindscape/SSI incorpora manual en castellano y resulta especialmente interesante para preservación por conservar tanto el juego base en CD-ROM como material asociado al Steel Panthers Campaign Disk || tags: edición española
101,000102,Steel Panthers,juegos/steel-panthers-us-bigbox/,idioma,[],"[""Español""]",tags: manual en castellano || descripcion: Esta edición Big Box distribuida en España por Proein bajo sello Mindscape/SSI incorpora manual en castellano y resulta especialmente interesante para preservación por conservar tanto el juego base en CD-ROM como material asociado al Steel Panthers Campaign Disk
101,000102,Steel Panthers,juegos/steel-panthers-us-bigbox/,soporte,[],"[""CD-ROM""]",incluye: CD-ROM del juego en caja jewel case || incluye: CD-ROM Steel Panthers Campaign Disk en caja jewel case
102,000103,Advanced Civilization,juegos/advanced-civilization-bigbox/,soporte,[],"[""CD-ROM""]",incluye: CD-ROM
103,000104,Delta Force: The Art of War,juegos/delta-force-the-art-of-war-bigbox/,mercado,[],"[""España""]",descripcion: Esta edición española en caja grande fue distribuida por Friendware y conserva interés documental por incluir textos || tags: edición española
103,000104,Delta Force: The Art of War,juegos/delta-force-the-art-of-war-bigbox/,idioma,[],"[""Español""]","tags: textos en castellano || tags: voces en castellano || tags: manual en castellano || descripcion: Esta edición española en caja grande fue distribuida por Friendware y conserva interés documental por incluir textos, voces y manuales en castellano, además de representar una de las sagas militares más identificables del PC de finales de los años noventa"
103,000104,Delta Force: The Art of War,juegos/delta-force-the-art-of-war-bigbox/,soporte,[],"[""CD-ROM""]",incluye: CD-ROM en caja jewel case
104,000105,Delta Force 2,juegos/delta-force-2-bigbox/,soporte,[],"[""CD-ROM""]",incluye: CD-ROM
105,000106,Delta Force: Land Warrior,juegos/delta-force-land-warrior-bigbox/,mercado,[],"[""España""]",descripcion: La edición mostrada corresponde a una versión española en caja grande para PC CD-ROM || tags: edición española
105,000106,Delta Force: Land Warrior,juegos/delta-force-land-warrior-bigbox/,idioma,[],"[""Español""]","tags: traducido al castellano || tags: doblado al castellano || descripcion: La edición mostrada corresponde a una versión española en caja grande para PC CD-ROM, destacada por estar traducida y doblada al castellano"
105,000106,Delta Force: Land Warrior,juegos/delta-force-land-warrior-bigbox/,soporte,[],"[""CD-ROM""]",incluye: CD-ROM en caja jewel case
106,000107,Command: Aces of the Deep,juegos/command-aces-of-the-deep-bigbox/,mercado,[],"[""España""]",descripcion: La edición física distribuida en España por Coktel Educative conserva especial interés documental por su manual traducido al español || tags: edición española
106,000107,Command: Aces of the Deep,juegos/command-aces-of-the-deep-bigbox/,idioma,[],"[""Español""]","incluye: Manual en español || tags: manual traducido al español || descripcion: La edición física distribuida en España por Coktel Educative conserva especial interés documental por su manual traducido al español, sus materiales de referencia y su pertenencia al catálogo de simuladores militares complejos de Sierra/Dynamix de mediados de los noventa"
106,000107,Command: Aces of the Deep,juegos/command-aces-of-the-deep-bigbox/,soporte,[],"[""CD-ROM""]",incluye: CD-ROM en caja jewel case
107,000108,Mortal Kombat 3,juegos/mortal-kombat-3-bigbox/,mercado,[],"[""Europa""]",descripcion: Esta edición europea en caja grande || tags: edición europea
107,000108,Mortal Kombat 3,juegos/mortal-kombat-3-bigbox/,idioma,[],"[""Multilingüe""]","descripcion: Esta edición europea en caja grande, publicada bajo el sello GT Interactive con marcas de Midway y Williams, representa una distribución física multilingüe de la época del CD-ROM, cuando las conversiones arcade para PC buscaban trasladar al entorno doméstico la experiencia de las máquinas recreativas"
107,000108,Mortal Kombat 3,juegos/mortal-kombat-3-bigbox/,soporte,[],"[""CD-ROM""]",incluye: CD-ROM en caja jewel case
108,000109,Toonstruck,juegos/toonstruck-bigbox/,mercado,[],"[""España""]",descripcion: Esta edición española en caja grande conserva especial interés documental por su localización física al castellano || tags: edición española
108,000109,Toonstruck,juegos/toonstruck-bigbox/,idioma,[],"[""Español""]",incluye: Manual en castellano
108,000109,Toonstruck,juegos/toonstruck-bigbox/,soporte,[],"[""CD-ROM""]",incluye: CD-ROM en estuche jewel case
109,000110,Leisure Suit Larry 5: Passionate Patti Does a Little Undercover Work,juegos/leisure-suit-larry-5-bigbox/,mercado,[],"[""España""]",descripcion: Esta edición española en caja grande distribuida por MCM Software corresponde a la versión en disquetes de 3 || tags: edición española
109,000110,Leisure Suit Larry 5: Passionate Patti Does a Little Undercover Work,juegos/leisure-suit-larry-5-bigbox/,soporte,[],"[""Disquete 3,5\""""]","incluye: 8 disquetes de 3,5 pulgadas HD"
110,000111,Leisure Suit Larry 6: Shake It Up or Slip Out!!,juegos/leisure-suit-larry-6-shake-it-up-or-slip-out-bigbox/,mercado,[],"[""España""]",descripcion: Esta edición española en caja grande distribuida por MCM Software conserva especial interés documental por su presentación localizada || tags: edición española
110,000111,Leisure Suit Larry 6: Shake It Up or Slip Out!!,juegos/leisure-suit-larry-6-shake-it-up-or-slip-out-bigbox/,soporte,[],"[""Disquete 3,5\""""]","incluye: 6 disquetes de 3,5 pulgadas"
111,000112,Elvira II: The Jaws of Cerberus,juegos/elvira-ii-the-jaws-of-cerberus-bigbox/,mercado,[],"[""España""]",descripcion: Esta edición española distribuida por ERBE corresponde a la versión VGA de 256 colores para PC compatibles MS-DOS || tags: edición española
111,000112,Elvira II: The Jaws of Cerberus,juegos/elvira-ii-the-jaws-of-cerberus-bigbox/,soporte,[],"[""Disquete 3,5\""""]","incluye: 3 disquetes de 3,5 HD"
112,000113,Amazon: Guardians of the Eden,juegos/amazon-guardians-of-the-eden-bigbox/,mercado,[],"[""España""]",descripcion: Esta edición española distribuida por Dro Soft bajo sello U || tags: edición española
112,000113,Amazon: Guardians of the Eden,juegos/amazon-guardians-of-the-eden-bigbox/,idioma,[],"[""Español""]","tags: software traducido al castellano || descripcion: Gold destaca por su software traducido al castellano y por representar una etapa muy concreta del PC multimedia anterior a la consolidación masiva del CD-ROM, cuando algunas aventuras de gran producción todavía se distribuían en múltiples disquetes de 3,5 pulgadas"
112,000113,Amazon: Guardians of the Eden,juegos/amazon-guardians-of-the-eden-bigbox/,soporte,[],"[""Disquete 3,5\""""]","incluye: 5 disquetes de 3,5 pulgadas"
113,0000114,Half-Life: Juego del Año,juegos/half-life-juego-del-ano-bigbox/,mercado,[],"[""España""]",descripcion: Half-Life: Juego del Año es la edición española de la versión Game of the Year del influyente shooter en primera persona de Valve || tags: edición española
113,0000114,Half-Life: Juego del Año,juegos/half-life-juego-del-ano-bigbox/,soporte,[],"[""CD-ROM""]",incluye: CD-ROM en caja jewel case
114,000115,Half-Life: Opposing Force,juegos/half-life-opposing-force-bigbox/,mercado,[],"[""España""]",descripcion: Esta edición española en caja grande para PC CD-ROM fue distribuida por Sierra/Havas Interactive y destaca por estar totalmente localizada al castellano || tags: edición española
114,000115,Half-Life: Opposing Force,juegos/half-life-opposing-force-bigbox/,idioma,[],"[""Español""]","descripcion: Esta edición española en caja grande para PC CD-ROM fue distribuida por Sierra/Havas Interactive y destaca por estar totalmente localizada al castellano, además de requerir una instalación previa de Half-Life o Half-Life Juego del Año"
114,000115,Half-Life: Opposing Force,juegos/half-life-opposing-force-bigbox/,soporte,[],"[""CD-ROM""]",incluye: CD-ROM en caja jewel case
115,000116,Half-Life Generation,juegos/half-life-generation-bigbox/,mercado,[],"[""España""]",descripcion: Esta edición española en caja grande || tags: edición española
115,000116,Half-Life Generation,juegos/half-life-generation-bigbox/,soporte,[],"[""CD-ROM""]",incluye: 3 CD-ROM
115,000116,Half-Life Generation,juegos/half-life-generation-bigbox/,tipo_edicion,[],"[""Compilación""]","descripcion: Half-Life Generation es una recopilación física para PC publicada por Sierra que reúne el impacto inicial de Half-Life con su expansión oficial Opposing Force y el fenómeno multijugador Counter-Strike, además de Team Fortress Classic como parte del ecosistema competitivo surgido alrededor del motor GoldSrc"
116,000117,Gunman Chronicles,juegos/gunman-chronicles-bigbox/,mercado,[],"[""España""]",descripcion: Esta edición española Big Box para PC CD-ROM aparece completamente localizada al castellano y conserva interés documental por representar una de las raras conversiones de un proyecto nacido en la escena mod hacia producto físico comercial bajo el sello Sierra/Havas || tags: edición española
116,000117,Gunman Chronicles,juegos/gunman-chronicles-bigbox/,idioma,[],"[""Español""]",descripcion: Esta edición española Big Box para PC CD-ROM aparece completamente localizada al castellano y conserva interés documental por representar una de las raras conversiones de un proyecto nacido en la escena mod hacia producto físico comercial bajo el sello Sierra/Havas
116,000117,Gunman Chronicles,juegos/gunman-chronicles-bigbox/,soporte,[],"[""CD-ROM""]",incluye: CD-ROM en caja jewel case
117,000118,Ultima Underworld: The Stygian Abyss,juegos/ultima-underworld-the-stygian-abyss-bigbox/,mercado,[],"[""España""]",descripcion: Esta edición española en caja grande || tags: edición española
117,000118,Ultima Underworld: The Stygian Abyss,juegos/ultima-underworld-the-stygian-abyss-bigbox/,idioma,[],"[""Español""]",tags: software en castellano
117,000118,Ultima Underworld: The Stygian Abyss,juegos/ultima-underworld-the-stygian-abyss-bigbox/,soporte,[],"[""Disquete 3,5\""""]","incluye: Disquetes de 3,5 pulgadas"
118,000119,5ª Flota,juegos/5a-flota-bigbox/,mercado,[],"[""España""]",descripcion: 5ª Flota es la edición española de 5th Fleet || descripcion: Esta versión física española en caja grande para PC 3 || tags: edición española
118,000119,5ª Flota,juegos/5a-flota-bigbox/,idioma,[],"[""Español""]",incluye: Manual en castellano || tags: software en castellano
118,000119,5ª Flota,juegos/5a-flota-bigbox/,soporte,[],"[""Disquete 3,5\""""]","incluye: 5 disquetes de 3,5 pulgadas"
119,000120,D-Day: The Beginning of the End,juegos/d-day-the-beginning-of-the-end-bigbox/,mercado,[],"[""España""]",descripcion: Esta edición española en caja grande distribuida por Proein incluye software y manual en castellano || tags: edición española
119,000120,D-Day: The Beginning of the End,juegos/d-day-the-beginning-of-the-end-bigbox/,idioma,[],"[""Español""]","incluye: Manual en castellano || tags: software en castellano || tags: manual en castellano || descripcion: Esta edición española en caja grande distribuida por Proein incluye software y manual en castellano, soporte en disquete de 3,5 pulgadas HD y conserva especial interés documental dentro del catálogo de estrategia bélica para compatibles PC de mediados de los noventa"
119,000120,D-Day: The Beginning of the End,juegos/d-day-the-beginning-of-the-end-bigbox/,soporte,[],"[""Disquete 3,5\""""]","incluye: Disquete de 3,5 pulgadas HD"
120,000121,Industry Giant,juegos/industry-giant-bigbox/,mercado,[],"[""España""]",descripcion: Esta edición española en caja grande || descripcion: conserva interés documental por representar la llegada al mercado español de una de las sagas económicas europeas más reconocibles del periodo Windows 95 || tags: edición española
120,000121,Industry Giant,juegos/industry-giant-bigbox/,idioma,[],"[""Español""]","incluye: Manual de instrucciones en castellano || tags: juego traducido al castellano || descripcion: Esta edición española en caja grande, distribuida por Friendware y traducida al castellano, conserva interés documental por representar la llegada al mercado español de una de las sagas económicas europeas más reconocibles del periodo Windows 95"
120,000121,Industry Giant,juegos/industry-giant-bigbox/,soporte,[],"[""CD-ROM""]",incluye: CD-ROM en caja jewel case
121,000122,Requiem: Avenging Angel,juegos/requiem-avenging-angel-bigbox/,mercado,[],"[""España""]",descripcion: La edición española distribuida por Proein destaca por indicar manual || descripcion: ambientaciones híbridas y producciones localizadas para el mercado español || tags: edición española
121,000122,Requiem: Avenging Angel,juegos/requiem-avenging-angel-bigbox/,idioma,[],"[""Español""]","tags: voces en castellano || tags: textos en castellano || descripcion: La edición española distribuida por Proein destaca por indicar manual, textos y voces en castellano, además de soporte para juego multijugador en red local e Internet"
121,000122,Requiem: Avenging Angel,juegos/requiem-avenging-angel-bigbox/,soporte,[],"[""CD-ROM""]",incluye: CD-ROM en caja jewel case
122,000123,Ground Control,juegos/ground-control-bigbox/,mercado,[],"[""España""]",descripcion: Esta edición española en caja de cartón para PC CD-ROM Windows 95/98 fue distribuida por Havas Interactive España bajo el sello Sierra y se presenta como una versión totalmente en castellano || tags: edición española
122,000123,Ground Control,juegos/ground-control-bigbox/,soporte,[],"[""CD-ROM""]",incluye: CD-ROM en caja jewel case
123,000124,Ground Control: Dark Conspiracy,juegos/ground-control-dark-conspiracy-bigbox/,mercado,[],"[""España""]",descripcion: Esta edición española en caja grande para PC CD-ROM está totalmente en castellano || tags: edición española
123,000124,Ground Control: Dark Conspiracy,juegos/ground-control-dark-conspiracy-bigbox/,soporte,[],"[""CD-ROM""]",incluye: CD-ROM en caja jewel case
124,000125,Daryl F. Gates' Police Quest: SWAT,juegos/daryl-f-gates-police-quest-swat-bigbox/,mercado,[],"[""España""]",descripcion: Esta edición española en caja grande fue distribuida por Coktel Educative || tags: edición española
124,000125,Daryl F. Gates' Police Quest: SWAT,juegos/daryl-f-gates-police-quest-swat-bigbox/,idioma,[],"[""Español""]","incluye: Manual de instrucciones en castellano || tags: manual en castellano || descripcion: Esta edición española en caja grande fue distribuida por Coktel Educative, incluye manual traducido al castellano y ofrece compatibilidad oficial con MS-DOS, Windows 3"
124,000125,Daryl F. Gates' Police Quest: SWAT,juegos/daryl-f-gates-police-quest-swat-bigbox/,soporte,[],"[""CD-ROM""]",incluye: CD-ROM en caja jewel case
125,000126,Police Quest: SWAT 2,juegos/police-quest-swat-2-bigbox/,mercado,[],"[""España""]",descripcion: Esta edición española en Big Box para Windows 95/98 conserva el posicionamiento comercial de Sierra FX || tags: edición española
125,000126,Police Quest: SWAT 2,juegos/police-quest-swat-2-bigbox/,idioma,[],"[""Español""]","tags: textos en castellano || descripcion: Esta edición española en Big Box para Windows 95/98 conserva el posicionamiento comercial de Sierra FX, con textos de pantalla e instrucciones en castellano, y representa una etapa muy concreta del PC de finales de los noventa: CD-ROM, estrategia táctica, manual físico, localización española y una fuerte apuesta por presentar la simulación policial como producto serio, documentado y orientado al realismo"
125,000126,Police Quest: SWAT 2,juegos/police-quest-swat-2-bigbox/,soporte,[],"[""CD-ROM""]",incluye: CD-ROM
126,000127,SWAT 3: Close Quarters Battle,juegos/swat-3-close-quarters-battle-bigbox/,mercado,[],"[""España""]",descripcion: Esta edición española en caja grande || tags: edición española
126,000127,SWAT 3: Close Quarters Battle,juegos/swat-3-close-quarters-battle-bigbox/,idioma,[],"[""Español""]","descripcion: Esta edición española en caja grande, distribuida por Havas Interactive España y completamente localizada al castellano, documenta el lanzamiento original anterior a las posteriores ediciones Elite y Tactical Game of the Year"
126,000127,SWAT 3: Close Quarters Battle,juegos/swat-3-close-quarters-battle-bigbox/,soporte,[],"[""CD-ROM""]",incluye: CD-ROM en caja jewel case
127,000128,Star Wars: X-Wing,juegos/star-wars-x-wing-bigbox/,mercado,[],"[""España""]",descripcion: Esta edición española en caja grande || tags: edición española
127,000128,Star Wars: X-Wing,juegos/star-wars-x-wing-bigbox/,idioma,[],"[""Español""]","tags: manual en castellano || descripcion: Esta edición española en caja grande, distribuida por Erbe Software en cinco disquetes de 3,5 pulgadas, conserva documentación localizada al castellano y representa el lanzamiento original anterior a las posteriores ediciones en CD-ROM"
127,000128,Star Wars: X-Wing,juegos/star-wars-x-wing-bigbox/,soporte,[],"[""Disquete 3,5\""""]","incluye: 5 disquetes de 3,5 pulgadas"
128,000129,Lands of Lore: The Throne of Chaos,juegos/lands-of-lore-the-throne-of-chaos-bigbox/,mercado,[],"[""España""]",descripcion: Esta edición española en caja grande fue distribuida por Arcadia Software bajo el sello Virgin Games || tags: edición española
128,000129,Lands of Lore: The Throne of Chaos,juegos/lands-of-lore-the-throne-of-chaos-bigbox/,idioma,[],"[""Español""]",tags: software en castellano
128,000129,Lands of Lore: The Throne of Chaos,juegos/lands-of-lore-the-throne-of-chaos-bigbox/,soporte,[],"[""Disquete 3,5\""""]","incluye: 8 disquetes de 3,5 pulgadas"
129,000130,Buck Rogers: Matrix Cubed,juegos/buck-rogers-matrix-cubed-bigbox/,soporte,[],"[""Disquete 5,25\""""]","incluye: 2 disquetes de 5,25 pulgadas"
130,000131,Master of Magic,juegos/master-of-magic-bigbox/,idioma,[],"[""Inglés""]","tags: documentación en inglés || descripcion: La edición mostrada corresponde a la publicación norteamericana en CD-ROM y caja grande de MicroProse, con documentación en inglés y abundante material de consulta impreso"
130,000131,Master of Magic,juegos/master-of-magic-bigbox/,soporte,[],"[""CD-ROM""]",incluye: CD-ROM en caja jewel case
131,000132,Dogfight: 80 Years of Aerial Warfare,juegos/dogfight-80-years-of-aerial-warfare-bigbox/,mercado,[],"[""España""]",descripcion: Esta edición española para IBM PC y compatibles se distribuyó en caja grande por Erbe Software || tags: edición española
131,000132,Dogfight: 80 Years of Aerial Warfare,juegos/dogfight-80-years-of-aerial-warfare-bigbox/,idioma,[],"[""Español""]","tags: manual en castellano || descripcion: Esta edición española para IBM PC y compatibles se distribuyó en caja grande por Erbe Software, con el programa en cuatro disquetes de 3,5 pulgadas y documentación localizada al castellano, constituyendo una muestra representativa de la etapa clásica de los simuladores militares de MicroProse"
131,000132,Dogfight: 80 Years of Aerial Warfare,juegos/dogfight-80-years-of-aerial-warfare-bigbox/,soporte,[],"[""Disquete 3,5\""""]","incluye: 4 disquetes de 3,5 pulgadas"
132,000133,Shadowlands,juegos/shadowlands-bigbox/,mercado,[],"[""España""]",descripcion: Esta edición española para compatibles IBM PC fue editada y distribuida por Dro Soft en dos disquetes de 5 || tags: edición española
132,000133,Shadowlands,juegos/shadowlands-bigbox/,soporte,[],"[""Disquete 5,25\""""]","incluye: 2 disquetes de 5,25 pulgadas"
133,000134,The Secret of Monkey Island,juegos/the-secret-of-monkey-island-bigbox/,mercado,[],"[""España""]",descripcion: Edición española en caja grande de The Secret of Monkey Island || tags: edición española
133,000134,The Secret of Monkey Island,juegos/the-secret-of-monkey-island-bigbox/,soporte,[],"[""Disquete 3,5\""""]","incluye: 4 disquetes de 3,5 pulgadas HD"
134,000135,La sombra sobre Riva,juegos/la-sombra-sobre-riva-bigbox/,mercado,[],"[""España""]",descripcion: El Ojo Negro: La Sombra sobre Riva es la edición española de Realms of Arkania III: Shadows over Riva || descripcion: Esta edición española en caja grande fue distribuida por Hollywood Multimedia bajo el sello Hollywood Publishing || descripcion: incluye versión en castellano y constituye una publicación poco habitual dentro del mercado español de rol para MS-DOS || tags: edición española
134,000135,La sombra sobre Riva,juegos/la-sombra-sobre-riva-bigbox/,idioma,[],"[""Español""]","incluye: Manual de instrucciones en castellano || tags: versión en castellano || descripcion: Esta edición española en caja grande fue distribuida por Hollywood Multimedia bajo el sello Hollywood Publishing, incluye versión en castellano y constituye una publicación poco habitual dentro del mercado español de rol para MS-DOS"
134,000135,La sombra sobre Riva,juegos/la-sombra-sobre-riva-bigbox/,soporte,[],"[""CD-ROM""]",incluye: CD-ROM en caja jewel case
135,000136,World of Warcraft: Wrath of the Lich King - Collector's Edition,juegos/world-of-warcraft-wrath-of-the-lich-king-collectors-edition-bigbox/,mercado,[],"[""España""]",tags: edición española
135,000136,World of Warcraft: Wrath of the Lich King - Collector's Edition,juegos/world-of-warcraft-wrath-of-the-lich-king-collectors-edition-bigbox/,soporte,[],"[""DVD-ROM"", ""CD de audio"", ""DVD de vídeo""]",incluye: DVD-ROM de World of Warcraft: Wrath of the Lich King para PC y Mac || incluye: DVD Entre bastidores || incluye: CD de la banda sonora oficial con 21 pistas y temas adicionales
135,000136,World of Warcraft: Wrath of the Lich King - Collector's Edition,juegos/world-of-warcraft-wrath-of-the-lich-king-collectors-edition-bigbox/,tipo_edicion,[],"[""Edición coleccionista""]","titulo: World of Warcraft: Wrath of the Lich King - Collector's Edition || tags: edición coleccionista || descripcion: Edición coleccionista de World of Warcraft: Wrath of the Lich King, segunda expansión del juego de rol multijugador masivo en línea de Blizzard Entertainment, publicada en 2008 para Windows y Mac OS X || descripcion: La Collector's Edition conserva un conjunto especialmente amplio de materiales físicos y audiovisuales, incluidos libro de arte, banda sonora, documental, alfombrilla-mapa y componentes del juego de cartas, por lo que constituye una edición relevante para documentar el auge comercial y cultural de los juegos multijugador persistentes y de las ediciones de coleccionista para PC de finales de los años 2000"
136,000137,Star Wars: Rebel Assault,juegos/star-wars-rebel-assault-bigbox/,mercado,[],"[""España""]",descripcion: Esta edición española en caja grande fue distribuida por Erbe Software e incorpora documentación en castellano junto al material original de LucasArts || tags: edición española
136,000137,Star Wars: Rebel Assault,juegos/star-wars-rebel-assault-bigbox/,idioma,[],"[""Español"", ""Inglés""]",incluye: Manual original en inglés || tags: manual en castellano || descripcion: Esta edición española en caja grande fue distribuida por Erbe Software e incorpora documentación en castellano junto al material original de LucasArts
136,000137,Star Wars: Rebel Assault,juegos/star-wars-rebel-assault-bigbox/,soporte,[],"[""CD-ROM""]",incluye: CD-ROM || incluye: Carátula o folleto para el CD-ROM
137,000138,Imperialism,juegos/imperialism-bigbox/,mercado,[],"[""España""]",descripcion: Esta edición española en caja grande distribuida por Proein Software conserva especial interés documental por tratarse de una edición PC y Mac en CD-ROM con manual en castellano || tags: edición española
137,000138,Imperialism,juegos/imperialism-bigbox/,idioma,[],"[""Español""]","tags: manual en castellano || descripcion: Esta edición española en caja grande distribuida por Proein Software conserva especial interés documental por tratarse de una edición PC y Mac en CD-ROM con manual en castellano, representativa de la estrategia compleja de finales de los noventa y del catálogo de SSI fuera del wargame militar tradicional"
137,000138,Imperialism,juegos/imperialism-bigbox/,soporte,[],"[""CD-ROM""]",incluye: CD-ROM en caja jewel case
139,000140,Warcraft II: Tides of Darkness,juegos/warcraft-ii-tides-of-darkness-bigbox/,idioma,[],"[""Inglés""]",tags: versión en inglés
139,000140,Warcraft II: Tides of Darkness,juegos/warcraft-ii-tides-of-darkness-bigbox/,soporte,[],"[""CD-ROM""]",incluye: CD-ROM en caja jewel case
140,000141,Star Wars: Rebel Assault II - The Hidden Empire,juegos/star-wars-rebel-assault-ii-the-hidden-empire-bigbox/,mercado,[],"[""España""]",descripcion: Esta edición española en caja grande || tags: edición española
140,000141,Star Wars: Rebel Assault II - The Hidden Empire,juegos/star-wars-rebel-assault-ii-the-hidden-empire-bigbox/,soporte,[],"[""CD-ROM""]",incluye: 2 CD-ROM
141,000142,Turok: Dinosaur Hunter,juegos/turok-dinosaur-hunter-bigbox/,mercado,[],"[""Europa""]",descripcion: Esta edición europea en caja grande conserva el lanzamiento físico de Acclaim con documentación multilingüe y soporte óptico en CD-ROM || tags: edición europea
141,000142,Turok: Dinosaur Hunter,juegos/turok-dinosaur-hunter-bigbox/,idioma,[],"[""Multilingüe""]",descripcion: Esta edición europea en caja grande conserva el lanzamiento físico de Acclaim con documentación multilingüe y soporte óptico en CD-ROM
141,000142,Turok: Dinosaur Hunter,juegos/turok-dinosaur-hunter-bigbox/,soporte,[],"[""CD-ROM""]",incluye: CD-ROM en caja jewel case
142,000143,Turok 2: Seeds of Evil,juegos/turok-2-seeds-of-evil-bigbox/,mercado,[],"[""Europa""]",descripcion: Esta edición europea en caja grande presenta textos promocionales multilingües e incluye material adicional relacionado con Shadowman y Machines || tags: edición europea
142,000143,Turok 2: Seeds of Evil,juegos/turok-2-seeds-of-evil-bigbox/,idioma,[],"[""Español""]",incluye: Manual de instrucciones en castellano || tags: manual en castellano
142,000143,Turok 2: Seeds of Evil,juegos/turok-2-seeds-of-evil-bigbox/,soporte,[],"[""CD-ROM""]",incluye: CD-ROM en caja jewel case
143,000144,Jagged Alliance: Deadly Games,juegos/jagged-alliance-deadly-games-bigbox/,mercado,[],"[""España""]",descripcion: Esta edición española en caja grande fue distribuida por Virgin Interactive e incluye un CD adicional gratuito destinado al juego multijugador || tags: edición española
143,000144,Jagged Alliance: Deadly Games,juegos/jagged-alliance-deadly-games-bigbox/,idioma,[],"[""Español""]",incluye: Manual en castellano
143,000144,Jagged Alliance: Deadly Games,juegos/jagged-alliance-deadly-games-bigbox/,soporte,[],"[""CD-ROM""]",incluye: 2 CD-ROM
144,000145,Hexen,juegos/hexen-bigbox/,mercado,[],"[""Europa""]",descripcion: Esta edición europea en caja grande para CD-ROM fue distribuida por GT Interactive Software (Europe) Limited || tags: edición europea
144,000145,Hexen,juegos/hexen-bigbox/,soporte,[],"[""CD-ROM""]",incluye: CD-ROM en caja Jewel Case
145,000146,Planescape: Torment,juegos/planescape-torment-bigbox/,mercado,[],"[""España""]",descripcion: Esta edición española en caja grande fue distribuida por Virgin Interactive y conserva el lanzamiento original en varios CD-ROM || tags: edición española
145,000146,Planescape: Torment,juegos/planescape-torment-bigbox/,idioma,[],"[""Español""]","tags: textos en castellano || descripcion: Esta edición española en caja grande fue distribuida por Virgin Interactive y conserva el lanzamiento original en varios CD-ROM, con textos y documentación localizados al castellano"
145,000146,Planescape: Torment,juegos/planescape-torment-bigbox/,soporte,[],"[""CD-ROM""]",incluye: 4 CD-ROM
146,000147,Close Combat: A Bridge Too Far,juegos/close-combat-a-bridge-too-far-bigbox/,mercado,[],"[""España""]",descripcion: Esta edición española en caja grande fue editada por ERBE Software || tags: edición española
146,000147,Close Combat: A Bridge Too Far,juegos/close-combat-a-bridge-too-far-bigbox/,idioma,[],"[""Español"", ""Inglés""]","incluye: Manual en español || tags: manual en español || tags: software en inglés || descripcion: Esta edición española en caja grande fue editada por ERBE Software, incorpora manual en español y mantiene el software en inglés, tal como se especifica en la propia edición"
146,000147,Close Combat: A Bridge Too Far,juegos/close-combat-a-bridge-too-far-bigbox/,soporte,[],"[""CD-ROM""]",incluye: CD-ROM en caja jewel case
147,000148,Dune 2000,juegos/dune-2000-bigbox/,mercado,[],"[""España""]",descripcion: Esta edición física española en formato Big Box fue publicada por Virgin Interactive y distribuida localmente por Electronic Arts Software || tags: edición española
147,000148,Dune 2000,juegos/dune-2000-bigbox/,idioma,[],"[""Español""]","incluye: Manual en castellano || tags: traducido al castellano || tags: doblado al castellano || descripcion: Esta edición física española en formato Big Box fue publicada por Virgin Interactive y distribuida localmente por Electronic Arts Software, con juego traducido y doblado al castellano"
147,000148,Dune 2000,juegos/dune-2000-bigbox/,soporte,[],"[""CD-ROM""]",incluye: CD-ROM en caja Jewel Case
148,000149,Drácula: Resurrección,juegos/dracula-resurreccion-bigbox/,mercado,[],"[""España""]",descripcion: Esta edición española para PC CD-ROM se comercializó en caja grande y conserva especial interés documental por su localización al castellano y por representar la etapa de producción conjunta entre Index+ || tags: edición española
148,000149,Drácula: Resurrección,juegos/dracula-resurreccion-bigbox/,soporte,[],"[""CD-ROM""]",incluye: 2 CD-ROM
149,000150,Drácula II: El último santuario,juegos/dracula-ii-el-ultimo-santuario-bigbox/,mercado,[],"[""España""]",descripcion: Esta edición española Big Box distribuida por Friendware destaca por ofrecer textos y voces en castellano y por presentarse en dos CD-ROM || tags: edición española
149,000150,Drácula II: El último santuario,juegos/dracula-ii-el-ultimo-santuario-bigbox/,idioma,[],"[""Español""]","tags: textos y voces en castellano || descripcion: Esta edición española Big Box distribuida por Friendware destaca por ofrecer textos y voces en castellano y por presentarse en dos CD-ROM, constituyendo una edición representativa de la aventura gráfica europea en CD-ROM de comienzos de los años 2000"
149,000150,Drácula II: El último santuario,juegos/dracula-ii-el-ultimo-santuario-bigbox/,soporte,[],"[""CD-ROM""]",incluye: 2 CD-ROM
150,000151,Fighting Steel,juegos/fighting-steel-bigbox/,mercado,[],"[""España""]",descripcion: Esta edición española en caja grande fue distribuida por Proein e incluye manual en castellano || tags: edición española
150,000151,Fighting Steel,juegos/fighting-steel-bigbox/,idioma,[],"[""Español"", ""Inglés""]","incluye: Manual de instrucciones en castellano || tags: manual en castellano || tags: software en inglés || descripcion: Esta edición española en caja grande fue distribuida por Proein e incluye manual en castellano, aunque el software permanece en inglés, circunstancia relevante para documentar su localización comercial"
150,000151,Fighting Steel,juegos/fighting-steel-bigbox/,soporte,[],"[""CD-ROM""]",incluye: CD-ROM en caja jewel case
151,000152,MiG-29 Fulcrum,juegos/mig-29-fulcrum-bigbox/,mercado,[],"[""España""]",descripcion: Esta edición española en caja grande fue distribuida por Erbe Software e incluye documentación localizada al castellano || tags: edición española
151,000152,MiG-29 Fulcrum,juegos/mig-29-fulcrum-bigbox/,idioma,[],"[""Español""]","incluye: Manual del usuario en castellano || tags: manuales en castellano || descripcion: Esta edición española en caja grande fue distribuida por Erbe Software e incluye documentación localizada al castellano, constituyendo una pieza representativa del auge de los simuladores militares para PC y del juego en línea previo a la consolidación de los servicios multijugador modernos"
151,000152,MiG-29 Fulcrum,juegos/mig-29-fulcrum-bigbox/,soporte,[],"[""CD-ROM""]",incluye: CD-ROM en caja jewel case
152,000153,Star Wars: X-Wing vs. TIE Fighter,juegos/x-wing-vs-tie-fighter-bigbox/,mercado,[],"[""España""]",descripcion: Esta edición española en caja grande fue distribuida por ERBE Software e incorpora un segundo CD-ROM destinado a facilitar el modo multijugador || tags: edición española
152,000153,Star Wars: X-Wing vs. TIE Fighter,juegos/x-wing-vs-tie-fighter-bigbox/,idioma,[],"[""Español""]","descripcion: Esta edición española en caja grande fue distribuida por ERBE Software e incorpora un segundo CD-ROM destinado a facilitar el modo multijugador, además de documentación localizada al castellano"
152,000153,Star Wars: X-Wing vs. TIE Fighter,juegos/x-wing-vs-tie-fighter-bigbox/,soporte,[],"[""CD-ROM""]",incluye: 2 CD-ROM
153,000154,Star Wars: TIE Fighter - Coleccionistas del CD-ROM,juegos/star-wars-tie-fighter-coleccionistas-del-cd-rom-bigbox/,mercado,[],"[""España""]",descripcion: La edición española en caja grande fue distribuida por Erbe Software || tags: edición española
153,000154,Star Wars: TIE Fighter - Coleccionistas del CD-ROM,juegos/star-wars-tie-fighter-coleccionistas-del-cd-rom-bigbox/,idioma,[],"[""Inglés""]","descripcion: Esta versión reúne la campaña original, la expansión Defender of the Empire y la campaña adicional Enemies of the Empire, superando las cien misiones e incorporando gráficos en alta resolución, nuevas secuencias animadas y voces digitalizadas en inglés"
153,000154,Star Wars: TIE Fighter - Coleccionistas del CD-ROM,juegos/star-wars-tie-fighter-coleccionistas-del-cd-rom-bigbox/,soporte,[],"[""CD-ROM""]",incluye: 1 CD-ROM en estuche jewel case
153,000154,Star Wars: TIE Fighter - Coleccionistas del CD-ROM,juegos/star-wars-tie-fighter-coleccionistas-del-cd-rom-bigbox/,tipo_edicion,[],"[""Compilación""]","descripcion: Edición recopilatoria y ampliada en CD-ROM de Star Wars: TIE Fighter, simulador de combate espacial publicado en 1995 y desarrollado por Totally Games bajo la dirección de Lawrence Holland"
154,000155,Star Wars: Episodio I - La Amenaza Fantasma,juegos/star-wars-episodio-i-la-amenaza-fantasma-bigbox/,mercado,[],"[""España""]",descripcion: Esta edición española en caja grande fue distribuida por Electronic Arts Software y presenta el juego traducido y doblado al castellano || tags: edición española
154,000155,Star Wars: Episodio I - La Amenaza Fantasma,juegos/star-wars-episodio-i-la-amenaza-fantasma-bigbox/,idioma,[],"[""Español""]","descripcion: Esta edición española en caja grande fue distribuida por Electronic Arts Software y presenta el juego traducido y doblado al castellano, constituyendo un lanzamiento representativo del auge comercial de Star Wars en PC tras el estreno cinematográfico del Episodio I"
154,000155,Star Wars: Episodio I - La Amenaza Fantasma,juegos/star-wars-episodio-i-la-amenaza-fantasma-bigbox/,soporte,[],"[""CD-ROM""]",incluye: CD-ROM en caja jewel case
155,000156,Star Wars: Force Commander,juegos/star-wars-force-commander-bigbox/,mercado,[],"[""España""]",descripcion: Esta edición española en caja grande || tags: edición española
155,000156,Star Wars: Force Commander,juegos/star-wars-force-commander-bigbox/,idioma,[],"[""Español""]","tags: traducido al castellano || tags: doblado al castellano || descripcion: Esta edición española en caja grande, distribuida por Electronic Arts Software, conserva especial interés documental por estar traducida y doblada al castellano y por representar una de las apuestas de LucasArts por trasladar Star Wars al terreno de la estrategia táctica para PC CD-ROM"
155,000156,Star Wars: Force Commander,juegos/star-wars-force-commander-bigbox/,soporte,[],"[""CD-ROM""]",incluye: CD-ROM en caja jewel case
156,000157,Star Wars: Rebellion,juegos/star-wars-rebellion-bigbox/,mercado,[],"[""España""]",descripcion: Esta edición española Big Box para Windows 95 está traducida y doblada al castellano y fue distribuida en el mercado nacional por Electronic Arts || tags: edición española
156,000157,Star Wars: Rebellion,juegos/star-wars-rebellion-bigbox/,idioma,[],"[""Español""]","tags: traducido al castellano || tags: doblado al castellano || descripcion: Esta edición española Big Box para Windows 95 está traducida y doblada al castellano y fue distribuida en el mercado nacional por Electronic Arts, constituyendo una de las aproximaciones estratégicas más ambiciosas al universo Star Wars durante la etapa clásica de LucasArts"
156,000157,Star Wars: Rebellion,juegos/star-wars-rebellion-bigbox/,soporte,[],"[""CD-ROM""]",incluye: CD-ROM en caja jewel case
157,000158,Army Men: Real Combat. Plastic Men,juegos/army-men-real-combat-plastic-men-bigbox/,mercado,[],"[""Europa""]",descripcion: Esta edición física europea en caja grande fue distribuida por Ubi Soft Entertainment Ltd || tags: edición europea
157,000158,Army Men: Real Combat. Plastic Men,juegos/army-men-real-combat-plastic-men-bigbox/,soporte,[],"[""CD-ROM""]",incluye: CD-ROM en caja Jewel Case
158,000159,Army Men: In Space,juegos/army-men-in-space-bigbox/,mercado,[],"[""Europa""]",descripcion: Esta edición europea multilingüe en caja grande resulta especialmente singular por su presentación física promocional con figuras de soldados integradas en el embalaje || tags: edición europea multilingüe
158,000159,Army Men: In Space,juegos/army-men-in-space-bigbox/,idioma,[],"[""Multilingüe""]","tags: edición europea multilingüe || descripcion: Esta edición europea multilingüe en caja grande resulta especialmente singular por su presentación física promocional con figuras de soldados integradas en el embalaje, un ejemplo representativo del merchandising y de las ediciones comerciales llamativas de finales de la era clásica del PC CD-ROM"
158,000159,Army Men: In Space,juegos/army-men-in-space-bigbox/,soporte,[],"[""CD-ROM""]",incluye: CD-ROM en caja jewel case
159,000160,Army Men II,juegos/army-men-ii-bigbox/,mercado,[],"[""España""]",descripcion: Esta edición española en caja grande para PC CD-ROM fue distribuida por Proein y conserva documentación localizada al castellano || tags: edición española
159,000160,Army Men II,juegos/army-men-ii-bigbox/,idioma,[],"[""Español""]","incluye: Manual del usuario en castellano || tags: manual en castellano || descripcion: Esta edición española en caja grande para PC CD-ROM fue distribuida por Proein y conserva documentación localizada al castellano, representando una de las primeras entregas que consolidaron la extensa franquicia Army Men durante la expansión de The 3DO Company a finales de los años noventa"
159,000160,Army Men II,juegos/army-men-ii-bigbox/,soporte,[],"[""CD-ROM""]",incluye: CD-ROM en caja jewel case
160,000161,Crusader: No Remorse,juegos/crusader-no-remorse-bigbox/,mercado,[],"[""España""]",descripcion: Esta edición española en formato Big Box corresponde a la versión CD-ROM para IBM PC compatibles y está expresamente traducida al castellano || tags: edición española
160,000161,Crusader: No Remorse,juegos/crusader-no-remorse-bigbox/,idioma,[],"[""Español""]","tags: traducido al castellano || descripcion: Esta edición española en formato Big Box corresponde a la versión CD-ROM para IBM PC compatibles y está expresamente traducida al castellano, constituyendo una pieza representativa de la etapa multimedia de Origin Systems bajo Electronic Arts"
160,000161,Crusader: No Remorse,juegos/crusader-no-remorse-bigbox/,soporte,[],"[""CD-ROM""]",incluye: CD-ROM en caja jewel case
161,000162,Evil Islands: Curse of the Lost Soul,juegos/evil-islands-curse-of-the-lost-soul-bigbox/,mercado,[],"[""España""]",descripcion: Esta edición física española en caja grande fue comercializada por Ubi Soft con el sello Fishtank Interactive || tags: edición española
161,000162,Evil Islands: Curse of the Lost Soul,juegos/evil-islands-curse-of-the-lost-soul-bigbox/,idioma,[],"[""Español"", ""Inglés""]","incluye: Manual en español || tags: juego en inglés || tags: manual en español || descripcion: el juego está en inglés y el manual en español, circunstancia indicada expresamente en el embalaje"
161,000162,Evil Islands: Curse of the Lost Soul,juegos/evil-islands-curse-of-the-lost-soul-bigbox/,soporte,[],"[""CD-ROM""]",incluye: CD-ROM en caja jewel case
162,000163,Revenant,juegos/revenant-bigbox/,mercado,[],"[""España""]",descripcion: Esta edición española distribuida por Proein conserva el software original en inglés acompañado de manual en castellano y constituye una representación característica de la distribución Big Box europea de Eidos en la transición hacia el RPG de acción tridimensional || tags: edición española
162,000163,Revenant,juegos/revenant-bigbox/,idioma,[],"[""Español"", ""Inglés""]",incluye: Manual en castellano || tags: manual en castellano || tags: software en inglés || descripcion: Esta edición española distribuida por Proein conserva el software original en inglés acompañado de manual en castellano y constituye una representación característica de la distribución Big Box europea de Eidos en la transición hacia el RPG de acción tridimensional
162,000163,Revenant,juegos/revenant-bigbox/,soporte,[],"[""CD-ROM""]",incluye: 2 CD-ROM en caja jewel case
163,000164,Redline: Gang Warfare 2066,juegos/redline-gang-warfare-2066-bigbox/,mercado,[],"[""España"", ""Europa""]",descripcion: Accolade publicó el título y Electronic Arts asumió su distribución europea || descripcion: circunstancia reflejada en esta edición física española en caja grande || tags: edición española
163,000164,Redline: Gang Warfare 2066,juegos/redline-gang-warfare-2066-bigbox/,soporte,[],"[""CD-ROM""]",incluye: CD-ROM en caja jewel case
164,000165,H.E.D.Z. (Head Extreme Destruction Zone),juegos/hedz-head-extreme-destruction-zone-bigbox/,mercado,[],"[""España"", ""Europa""]",descripcion: Esta edición europea Big Box fue distribuida en España por Electronic Arts Software y señala software y manual de instrucciones íntegramente en español || tags: edición española
164,000165,H.E.D.Z. (Head Extreme Destruction Zone),juegos/hedz-head-extreme-destruction-zone-bigbox/,idioma,[],"[""Español""]",tags: software en castellano || descripcion: Esta edición europea Big Box fue distribuida en España por Electronic Arts Software y señala software y manual de instrucciones íntegramente en español
164,000165,H.E.D.Z. (Head Extreme Destruction Zone),juegos/hedz-head-extreme-destruction-zone-bigbox/,soporte,[],"[""CD-ROM""]",incluye: CD-ROM en caja jewel case
165,000166,Railroad Tycoon II,juegos/railroad-tycoon-ii-bigbox/,mercado,[],"[""España""]",descripcion: Esta edición española en caja grande destaca por una campaña con 18 escenarios || tags: edición española
165,000166,Railroad Tycoon II,juegos/railroad-tycoon-ii-bigbox/,soporte,[],"[""CD-ROM""]",incluye: CD-ROM en caja jewel case
166,000000,Blade: The Edge of Darkness - Edición Especial,juegos/blade-the-edge-of-darkness-edicion-especial-bigbox/,mercado,[],"[""España""]",tags: edición española
166,000000,Blade: The Edge of Darkness - Edición Especial,juegos/blade-the-edge-of-darkness-edicion-especial-bigbox/,soporte,[],"[""CD-ROM""]",incluye: CD-ROM
166,000000,Blade: The Edge of Darkness - Edición Especial,juegos/blade-the-edge-of-darkness-edicion-especial-bigbox/,tipo_edicion,[],"[""Edición especial""]",titulo: Blade: The Edge of Darkness - Edición Especial || tags: edición especial || descripcion: Esta Edición Especial en caja grande añade valor documental y coleccionista al lanzamiento físico original
167,000000,Commandos: Strike Force,juegos/commandos-strike-force-bigbox/,mercado,[],"[""España""]",descripcion: Esta edición coleccionista española || tags: edición española
167,000000,Commandos: Strike Force,juegos/commandos-strike-force-bigbox/,soporte,[],"[""DVD-ROM"", ""CD de audio"", ""USB""]",incluye: Videojuego en DVD-ROM dentro de DVD Case || incluye: Banda sonora original en CD con 19 temas || incluye: Memory Stick USB de 64 MB en formato tarjeta
167,000000,Commandos: Strike Force,juegos/commandos-strike-force-bigbox/,tipo_edicion,[],"[""Edición coleccionista""]","tags: edición coleccionista || descripcion: Esta edición coleccionista española, distribuida por Proein y completamente en castellano, acompañó el lanzamiento nacional con la banda sonora original de Mateo Pascual, interpretada por la Orquesta Sinfónica de Bratislava y el Coro de la Ciudad de Bratislava, y una memoria USB de 64 MB, convirtiéndola en una de las presentaciones físicas más singulares de la etapa final de la saga desarrollada por Pyro Studios"
168,000000,Commandos 3: Destination Berlin - Edición Coleccionista,juegos/commandos-3-destination-berlin-edicion-coleccionista-bigbox/,mercado,[],"[""España""]",descripcion: Esta edición española «Edición Coleccionista» || tags: edición española
168,000000,Commandos 3: Destination Berlin - Edición Coleccionista,juegos/commandos-3-destination-berlin-edicion-coleccionista-bigbox/,soporte,[],"[""CD-ROM""]",incluye: Commandos 3: Destination Berlin para PC CD-ROM en estuche DVD Case
168,000000,Commandos 3: Destination Berlin - Edición Coleccionista,juegos/commandos-3-destination-berlin-edicion-coleccionista-bigbox/,tipo_edicion,[],"[""Edición coleccionista""]","titulo: Commandos 3: Destination Berlin - Edición Coleccionista || tags: edición coleccionista || descripcion: Esta edición española «Edición Coleccionista», distribuida por Proein y presentada completamente en castellano, amplía notablemente el valor documental del lanzamiento al reunir el juego con banda sonora, guía oficial, material audiovisual y una camiseta promocional, constituyendo una edición especialmente relevante para el coleccionismo y la preservación del videojuego español de comienzos de los años 2000"
169,000000,Colossus,juegos/colossus-bigbox/,mercado,[],"[""España""]",descripcion: Colossus es una compilación de juegos de mesa clásicos para compatibles PC publicada por CDS Software y distribuida en España por Proein || descripcion: Esta edición española en caja grande para PC 5¼ conserva especial interés documental por su distribución localizada por Proein || tags: edición española
169,000000,Colossus,juegos/colossus-bigbox/,soporte,[],"[""Disquete 5,25\""""]","incluye: Disquetes de 5,25 pulgadas"
169,000000,Colossus,juegos/colossus-bigbox/,tipo_edicion,[],"[""Compilación""]",descripcion: Colossus es una compilación de juegos de mesa clásicos para compatibles PC publicada por CDS Software y distribuida en España por Proein
170,000000,Dark Seed,juegos/dark-seed-bigbox/,mercado,[],"[""España""]",descripcion: Esta edición española distribuida por Dro Soft conserva especial interés documental por su localización física || tags: edición española
170,000000,Dark Seed,juegos/dark-seed-bigbox/,soporte,[],"[""Disquete 3,5\""""]","incluye: 7 disquetes de 3,5 pulgadas"
172,000000,Wall Street Trader 99,juegos/wall-street-trader-99-bigbox/,soporte,[],"[""CD-ROM""]",incluye: CD-ROM
174,000000,The Rise & Rule of Ancient Empires,juegos/the-rise-and-rule-of-ancient-empires-bigbox/,mercado,[],"[""España""]",descripcion: Esta edición española en caja grande para CD-ROM conserva especial interés documental por incluir manual traducido al español y compatibilidad indicada para Windows 3 || tags: edición española
174,000000,The Rise & Rule of Ancient Empires,juegos/the-rise-and-rule-of-ancient-empires-bigbox/,idioma,[],"[""Español""]",tags: manual en castellano || descripcion: Esta edición española en caja grande para CD-ROM conserva especial interés documental por incluir manual traducido al español y compatibilidad indicada para Windows 3
174,000000,The Rise & Rule of Ancient Empires,juegos/the-rise-and-rule-of-ancient-empires-bigbox/,soporte,[],"[""CD-ROM""]",incluye: CD-ROM en caja jewel case
230,000000,Need for Speed: Special Edition,juegos/need-for-speed-special-edition-bigbox/,anio,"""""","""1996""","descripcion: Edición mejorada del primer Need for Speed, lanzada en 1996"
230,000000,Need for Speed: Special Edition,juegos/need-for-speed-special-edition-bigbox/,tipo_edicion,[],"[""Edición especial""]",titulo: Need for Speed: Special Edition
262,000000,Tom Clancy's Ghost Recon: Collector's Pack,juegos/tom-clancys-ghost-recon-collectors-pack-bigbox/,anio,"""""","""2002""",descripcion: Edición especial lanzada en marzo de 2002
262,000000,Tom Clancy's Ghost Recon: Collector's Pack,juegos/tom-clancys-ghost-recon-collectors-pack-bigbox/,tipo_edicion,[],"[""Edición especial""]","descripcion: Edición especial lanzada en marzo de 2002 en Europa, que incluye el juego original Tom Clancy's Ghost Recon junto a su expansión Desert Siege, más contenido físico adicional: insignia oficial, voucher para guía táctica y un disco “making‑of”"
301,000000,FX Chess,juegos/fx-chess-bigbox/,tipo_edicion,[],"[""Colección""]",descripcion: A menudo se incluye como título educativo o de introducción estratégica dentro de la colección FX
302,000000,Neverwinter Nights 2: Chaotic Evil,juegos/neverwinter-nights-2-chaotic-evil-bigbox/,anio,"""""","""2006""",descripcion: Edición especial europea de Neverwinter Nights 2 lanzada el 3 de noviembre de 2006
302,000000,Neverwinter Nights 2: Chaotic Evil,juegos/neverwinter-nights-2-chaotic-evil-bigbox/,mercado,[],"[""Europa""]",descripcion: Edición especial europea de Neverwinter Nights 2 lanzada el 3 de noviembre de 2006
302,000000,Neverwinter Nights 2: Chaotic Evil,juegos/neverwinter-nights-2-chaotic-evil-bigbox/,tipo_edicion,[],"[""Edición especial""]",descripcion: Edición especial europea de Neverwinter Nights 2 lanzada el 3 de noviembre de 2006
303,000000,Neverwinter Nights 2: Lawful Good,juegos/neverwinter-nights-2-lawful-good-bigbox/,anio,"""""","""2006""",descripcion: Edición limitada lanzada el 3 de noviembre de 2006
303,000000,Neverwinter Nights 2: Lawful Good,juegos/neverwinter-nights-2-lawful-good-bigbox/,tipo_edicion,[],"[""Edición limitada""]",descripcion: Edición limitada lanzada el 3 de noviembre de 2006 en Europa
306,000000,Age of Empires. Edición coleccionistas,juegos/age-of-empires-edicion-coleccionistas-bigbox/,anio,"""""","""2000""",descripcion: Edición especial lanzada en el año 2000
306,000000,Age of Empires. Edición coleccionistas,juegos/age-of-empires-edicion-coleccionistas-bigbox/,tipo_edicion,[],"[""Edición especial"", ""Edición coleccionista""]","titulo: Age of Empires. Edición coleccionistas || descripcion: Edición especial lanzada en el año 2000 que incluye el juego original Age of Empires, su expansión Rise of Rome y Age of Empires II (sin expansión)"
317,000000,PC Fútbol 2000: Selección Española - Europa 2000,juegos/pc-futbol-2000-seleccion-espanola-dinamic-bigbox/,anio,"""""","""2000""","descripcion: Edición especial centrada en la selección española de fútbol para la Eurocopa 2000, lanzada el 24 de mayo de 2000"
317,000000,PC Fútbol 2000: Selección Española - Europa 2000,juegos/pc-futbol-2000-seleccion-espanola-dinamic-bigbox/,tipo_edicion,[],"[""Edición especial""]","descripcion: Edición especial centrada en la selección española de fútbol para la Eurocopa 2000, lanzada el 24 de mayo de 2000"
330,000000,Myst III: Exile - Collector's Edition,juegos/myst-iii-exile-collectors-edition-bigbox/,tipo_edicion,[],"[""Edición especial"", ""Edición coleccionista""]",titulo: Myst III: Exile - Collector's Edition || descripcion: Myst III: Exile - Collector's Edition es una edición especial del tercer capítulo de la saga Myst
385,000000,WarGames,juegos/wargames-bigbox/,idioma,[],"[""Español""]",descripcion: Esta edición está traducida y doblada al castellano
394,000000,Avalon Hill's Squad Leader,juegos/squad-leader-bigbox/,mercado,[],"[""España""]",descripcion: Esta edición española en caja grande para PC CD-ROM || tags: edición española
394,000000,Avalon Hill's Squad Leader,juegos/squad-leader-bigbox/,soporte,[],"[""CD-ROM""]",incluye: CD-ROM en caja jewel case
398,000000,Hoyle Board Games,juegos/hoyle-board-games-bigbox/,mercado,[],"[""Europa""]",descripcion: Su edición en caja grande fue muy distribuida en Europa y es una pieza común en colecciones retro
398,000000,Hoyle Board Games,juegos/hoyle-board-games-bigbox/,tipo_edicion,[],"[""Compilación""]",descripcion: Hoyle Board Games es una recopilación de juegos de mesa clásicos lanzada en 1998 por Sierra On-Line
400,000000,Billares,juegos/billares-bigbox/,idioma,[],"[""Español""]",descripcion: Su estilo accesible y su interfaz en español lo hicieron popular entre jugadores casuales
401,000000,Kingdoms,juegos/kingdoms-bigbox/,mercado,[],"[""España""]",descripcion: La edición española fue distribuida en caja grande por Virgin Interactive y es hoy una pieza valorada por coleccionistas
402,000000,V-Rally: Multiplayer Championship Edition,juegos/v-rally-multiplayer-championship-edition-2-bigbox/,anio,"""""","""1999""","descripcion: edición para PC, publicada en 1999"
404,000000,Rally Championship,juegos/rally-championship-2-bigbox/,mercado,[],"[""Europa""]",descripcion: Su edición en caja grande fue ampliamente distribuida en Europa
407,000000,UEFA Champions League: Temporada 1998/99,juegos/uefa-champions-league-temporada-1998-99-bigbox/,mercado,[],"[""Europa""]",descripcion: Su edición en caja grande fue distribuida en Europa y es especialmente buscada por coleccionistas de títulos deportivos con licencias oficiales
410,000000,Primera División Stars,juegos/primera-division-stars-bigbox/,mercado,[],"[""España""]",descripcion: Primera División Stars es una edición especial lanzada por EA Sports exclusivamente para el mercado español
410,000000,Primera División Stars,juegos/primera-division-stars-bigbox/,idioma,[],"[""Español""]","descripcion: Traducido y doblado completamente al castellano, destaca por su jugabilidad arcade, gráficos fluidos y modos de campeonato nacional"
410,000000,Primera División Stars,juegos/primera-division-stars-bigbox/,tipo_edicion,[],"[""Edición especial""]",descripcion: Primera División Stars es una edición especial lanzada por EA Sports exclusivamente para el mercado español
411,000000,Crónicas de la Luna Negra,juegos/cronicas-de-la-luna-negra-bigbox/,mercado,[],"[""España""]",descripcion: La edición en caja grande distribuida en España es especialmente valorada por su localización y fidelidad al universo original
412,000000,Maximum Billar,juegos/maximum-billar-bigbox/,mercado,[],"[""España""]",descripcion: Se lanzó en edición Big Box con manual y fue muy popular en el mercado español gracias a su bajo precio y accesibilidad
412,000000,Maximum Billar,juegos/maximum-billar-bigbox/,idioma,[],"[""Español""]","descripcion: El juego permite disputar partidas de bola 8, bola 9, carambola y otras variantes, con gráficos en 3D, controles sencillos y una interfaz completamente en castellano"
414,000000,Dragon Lore II: El Corazón del Dragón,juegos/dragon-lore-ii-el-corazon-del-dragon-bigbox/,mercado,[],"[""España"", ""Europa""]",descripcion: Su edición Big Box fue distribuida en Europa en múltiples versiones || descripcion: incluyendo doblaje y textos en castellano en la edición española
414,000000,Dragon Lore II: El Corazón del Dragón,juegos/dragon-lore-ii-el-corazon-del-dragon-bigbox/,idioma,[],"[""Español""]","descripcion: Su edición Big Box fue distribuida en Europa en múltiples versiones, incluyendo doblaje y textos en castellano en la edición española"
417,000000,World of Warcraft,juegos/world-of-warcraft-coleccionistas-bigbox/,idioma,[],"[""Español""]","descripcion: Esta edición en caja grande corresponde a una reimpresión moderna, completamente traducida y doblada al castellano, con el cliente actualizado e ilustraciones renovadas"
419,000000,Atlantis II,juegos/atlantis-ii-bigbox/,idioma,[],"[""Español""]","descripcion: Su edición Big Box fue distribuida en varios países europeos, incluida España, con textos y voces localizadas al castellano"
420,000000,Corsarios Gold,juegos/corsarios-gold-bigbox/,mercado,[],"[""España""]",descripcion: La versión en caja grande distribuida en España está traducida completamente al castellano
420,000000,Corsarios Gold,juegos/corsarios-gold-bigbox/,idioma,[],"[""Español""]",descripcion: La versión en caja grande distribuida en España está traducida completamente al castellano
421,000000,Misión Van Gogh,juegos/mision-van-gogh-bigbox/,mercado,[],"[""España""]",descripcion: La edición española en formato Big Box fue distribuida íntegramente en castellano
422,000000,Beavis and Butt-Head: Bunghole in One,juegos/beavis-and-butt-head-bunghole-in-one-bigbox/,idioma,[],"[""Español"", ""Inglés""]",descripcion: La edición en formato Big Box incluye voces originales en inglés y textos en castellano
426,000000,Asghan: The Dragon Slayer,juegos/asghan-the-dragon-slayer-bigbox/,idioma,[],"[""Español""]",descripcion: Esta edición Big Box está totalmente localizada al castellano
427,000000,Sabre Ace,juegos/sabre-ace-bigbox/,mercado,[],"[""España""]",descripcion: Esta edición Big Box corresponde a la versión distribuida en España
427,000000,Sabre Ace,juegos/sabre-ace-bigbox/,idioma,[],"[""Español""]","descripcion: Esta edición Big Box corresponde a la versión distribuida en España, con textos en castellano"
428,000000,F-16 Aggressor,juegos/f-16-aggressor-bigbox/,mercado,[],"[""España""]",descripcion: Esta edición Big Box corresponde a la versión distribuida en España
428,000000,F-16 Aggressor,juegos/f-16-aggressor-bigbox/,idioma,[],"[""Español""]","descripcion: Esta edición Big Box corresponde a la versión distribuida en España, con textos en castellano"
429,000000,Scorched Planet,juegos/scorched-planet-bigbox/,mercado,[],"[""Europa""]",descripcion: Esta edición Big Box corresponde a la versión distribuida en Europa
429,000000,Scorched Planet,juegos/scorched-planet-bigbox/,idioma,[],"[""Español""]","descripcion: Esta edición Big Box corresponde a la versión distribuida en Europa, con textos en castellano"
439,000000,Twenty Wargame Classics: Exclusive Edition,juegos/twenty-wargame-classics-exclusive-edition-bigbox/,tipo_edicion,[],"[""Compilación""]",descripcion: Recopilación que reúne más de veinte de los wargames más representativos publicados por SSI
440,000000,Sid Meier's Colonization,juegos/sid-meiers-colonization-bigbox/,mercado,[],"[""España""]",descripcion: Esta edición española en CD-ROM incluye manual y textos en castellano
440,000000,Sid Meier's Colonization,juegos/sid-meiers-colonization-bigbox/,idioma,[],"[""Español""]","descripcion: Esta edición española en CD-ROM incluye manual y textos en castellano, manteniendo intacta la profundidad estratégica que lo convirtió en uno de los grandes títulos 4X de los años 90"
442,000000,Crusade: La lucha por el poder,juegos/crusade-la-lucha-por-el-poder-bigbox/,mercado,[],"[""España""]",descripcion: multijugador y voces completamente en castellano en esta edición distribuida en España || tags: Edición española
442,000000,Crusade: La lucha por el poder,juegos/crusade-la-lucha-por-el-poder-bigbox/,idioma,[],"[""Español""]","descripcion: Incluye editor de escenarios, multijugador y voces completamente en castellano en esta edición distribuida en España"
453,000000,Privateer 2: The Darkening,juegos/privateer-2-the-darkening-bigbox/,mercado,[],"[""España""]",descripcion: Esta edicion corresponde a la version española traducida y doblada al castellano
453,000000,Privateer 2: The Darkening,juegos/privateer-2-the-darkening-bigbox/,idioma,[],"[""Español""]",descripcion: Esta edicion corresponde a la version española traducida y doblada al castellano
454,000000,FreeSpace 2,juegos/freespace-2-bigbox/,mercado,[],"[""España""]",descripcion: Esta edicion corresponde a la version española en formato Big Box distribuida por Virgin Interactive España
455,000000,MechCommander 2,juegos/mechcommander-2-bigbox/,idioma,[],"[""Español"", ""Inglés""]","descripcion: Esta edicion corresponde a la version distribuida por Microsoft en formato Big Box, con manual en español y software en ingles"
456,000000,Torero - El Juli presenta: Arte y Pasion en la Arena,juegos/torero-el-juli-presenta-arte-y-pasion-en-la-arena-bigbox/,mercado,[],"[""España""]",descripcion: Esta edicion corresponde al formato Big Box distribuido por Ubisoft para el mercado español
457,000000,Flanker 2.0 - The Combat Flight Simulator,juegos/flanker-2-0-the-combat-flight-simulator-bigbox/,mercado,[],"[""España""]",descripcion: Esta edicion corresponde a la version Big Box distribuida en España por Proein
457,000000,Flanker 2.0 - The Combat Flight Simulator,juegos/flanker-2-0-the-combat-flight-simulator-bigbox/,idioma,[],"[""Español"", ""Inglés""]","descripcion: Esta edicion corresponde a la version Big Box distribuida en España por Proein, con manual en castellano y software en ingles"
458,000000,Starsiege Universe,juegos/starsiege-universe-bigbox/,mercado,[],"[""España""]",tags: Edición española
458,000000,Starsiege Universe,juegos/starsiege-universe-bigbox/,tipo_edicion,[],"[""Bundle/Pack""]",tags: Bundle
459,000000,Sid Meier's Civilization III,juegos/sid-meiers-civilization-iii-bigbox/,mercado,[],"[""España""]",tags: Edición española
460,000000,Odisea: La Búsqueda de Ulises,juegos/odisea-la-busqueda-de-ulises-bigbox/,mercado,[],"[""España""]",tags: Edición española
461,000000,Battleground: Napoleon in Russia 1812,juegos/battleground-napoleon-in-russia-1812-bigbox/,mercado,[],"[""España""]",tags: Edición española
463,000000,Aliens versus Predator 2,juegos/aliens-versus-predator-2-bigbox/,soporte,[],"[""CD-ROM""]",incluye: CD-ROM del juego
464,000000,Gunlok,juegos/gunlok-bigbox/,soporte,[],"[""CD-ROM""]",incluye: CD-ROM del juego
465,000000,Amerzone: El legado del explorador,juegos/amerzone-el-legado-del-explorador-bigbox/,soporte,[],"[""CD-ROM""]",incluye: CD-ROM del juego
466,000000,Red Baron II,juegos/red-baron-ii-bigbox/,mercado,[],"[""España""]",descripcion: Esta edición española Big Box de Sierra destaca por su poderosa portada en tonos rojos y por su clara orientación al mercado local
466,000000,Red Baron II,juegos/red-baron-ii-bigbox/,idioma,[],"[""Español""]","descripcion: Esta edición española Big Box de Sierra destaca por su poderosa portada en tonos rojos y por su clara orientación al mercado local, con textos de pantalla, manual y voces en castellano"
466,000000,Red Baron II,juegos/red-baron-ii-bigbox/,soporte,[],"[""CD-ROM""]",incluye: CD-ROM del juego
468,000000,Acorazados,juegos/acorazados-bigbox/,mercado,[],"[""España""]",descripcion: Acorazados es la edición española del simulador naval Dreadnoughts || descripcion: Esta edición distribuida en España por System 4 conserva especial interés documental por su localización al castellano || tags: edición española
468,000000,Acorazados,juegos/acorazados-bigbox/,soporte,[],"[""Disquete 3,5\""""]","incluye: Disquete de 3,5 pulgadas"
469,000000,EF2000,juegos/ef2000-bigbox/,mercado,[],"[""España""]",descripcion: Esta edición española distribuida por Arcadia Software bajo sello Ocean/DID y línea TFX Military conserva especial interés documental por representar la etapa de los simuladores europeos de alto rendimiento en CD-ROM para MS-DOS || tags: edición española
469,000000,EF2000,juegos/ef2000-bigbox/,soporte,[],"[""CD-ROM""]",incluye: CD-ROM en caja jewel case
470,000000,iF-22: The F-22 Raptor Simulator,juegos/if-22-the-f-22-raptor-simulator-bigbox/,mercado,[],"[""España""]",descripcion: Esta edición española distribuida por Friendware conserva especial interés documental por representar el periodo en el que los simuladores militares de PC pasaron del enfoque DOS clásico a entornos Windows con gráficos 3D acelerados || tags: edición española
470,000000,iF-22: The F-22 Raptor Simulator,juegos/if-22-the-f-22-raptor-simulator-bigbox/,soporte,[],"[""CD-ROM""]",incluye: CD-ROM
471,000000,Third Reich,juegos/third-reich-bigbox/,mercado,[],"[""España""]",descripcion: La edición española en Big Box fue distribuida por System 4 de España e identifica el software como versión inglesa con manual en castellano || tags: edición española
471,000000,Third Reich,juegos/third-reich-bigbox/,idioma,[],"[""Español""]","incluye: Manual de referencia y operaciones en castellano || tags: manual en castellano || descripcion: La edición española en Big Box fue distribuida por System 4 de España e identifica el software como versión inglesa con manual en castellano, un rasgo especialmente relevante para preservación porque combina localización documental española con ejecutable original en inglés"
471,000000,Third Reich,juegos/third-reich-bigbox/,soporte,[],"[""CD-ROM""]",incluye: CD-ROM
472,000000,Jungla de Cristal Trilogía 2: Viva Las Vegas,juegos/jungla-de-cristal-trilogia-2-viva-las-vegas-bigbox/,mercado,[],"[""España""]",descripcion: Esta edición española en caja grande fue distribuida por Electronic Arts y destaca documentalmente por indicar traducción y doblaje al castellano || tags: edición española
472,000000,Jungla de Cristal Trilogía 2: Viva Las Vegas,juegos/jungla-de-cristal-trilogia-2-viva-las-vegas-bigbox/,idioma,[],"[""Español""]",tags: traducido al castellano || tags: doblado al castellano
472,000000,Jungla de Cristal Trilogía 2: Viva Las Vegas,juegos/jungla-de-cristal-trilogia-2-viva-las-vegas-bigbox/,soporte,[],"[""CD-ROM""]",incluye: CD-ROM
473,000000,Mad Dog: McDonnell Douglas Super 80 Series,juegos/mad-dog-mcdonnell-douglas-super-80-series-bigbox/,mercado,[],"[""Europa""]",descripcion: Esta edición europea BEN/ESP distribuida con apoyo de Ubi Soft conserva interés documental por pertenecer al ecosistema físico de expansiones no independientes para Microsoft Flight Simulator 98 || tags: edición europea
473,000000,Mad Dog: McDonnell Douglas Super 80 Series,juegos/mad-dog-mcdonnell-douglas-super-80-series-bigbox/,idioma,[],"[""Inglés""]","incluye: Manual o documentación en inglés || tags: software en inglés || descripcion: Esta edición europea BEN/ESP distribuida con apoyo de Ubi Soft conserva interés documental por pertenecer al ecosistema físico de expansiones no independientes para Microsoft Flight Simulator 98, con textos comerciales multilingües y juego/documentación indicados en inglés"
473,000000,Mad Dog: McDonnell Douglas Super 80 Series,juegos/mad-dog-mcdonnell-douglas-super-80-series-bigbox/,soporte,[],"[""CD-ROM""]",incluye: CD-ROM
474,000000,Operation Crusader,juegos/operation-crusader-sp-bigbox/,mercado,[],"[""España""]",descripcion: La edición física mostrada corresponde a la versión IBM PC CD-ROM distribuida en España por System 4 || tags: edición española
474,000000,Operation Crusader,juegos/operation-crusader-sp-bigbox/,idioma,[],"[""Español""]","descripcion: La edición física mostrada corresponde a la versión IBM PC CD-ROM distribuida en España por System 4, con compatibilidad indicada para Windows 95 y documentación localizada al castellano"
474,000000,Operation Crusader,juegos/operation-crusader-sp-bigbox/,soporte,[],"[""CD-ROM""]",incluye: CD-ROM
475,000000,S.A.G.A.: La furia de los Vikingos,juegos/saga-la-furia-de-los-vikingos-bigbox/,mercado,[],"[""España""]",descripcion: Esta edición española distribuida por Friendware conserva especial interés documental por tratarse de un producto en castellano de la etapa final del mercado clásico de caja grande para PC || tags: edición española
475,000000,S.A.G.A.: La furia de los Vikingos,juegos/saga-la-furia-de-los-vikingos-bigbox/,soporte,[],"[""CD-ROM""]",incluye: CD-ROM en caja jewel case
476,000000,The Final Conflict,juegos/the-final-conflict-bigbox/,mercado,[],"[""España""]",descripcion: Esta edición española en caja grande para IBM PC 3 || tags: edición española
476,000000,The Final Conflict,juegos/the-final-conflict-bigbox/,soporte,[],"[""Disquete 3,5\""""]","incluye: Disquete de 3,5 pulgadas de The Final Conflict || incluye: Disquete de 3,5 pulgadas de Ancient Battles"
477,000000,Persian Wars,juegos/persian-wars-bigbox/,mercado,[],"[""España""]",descripcion: Esta edición española en caja grande para PC CD-ROM conserva especial interés documental por representar la última etapa del mercado Big Box europeo y por mostrar la aproximación de Cryo a la estrategia fantástica durante los primeros años de Windows 2000 || tags: edición española
477,000000,Persian Wars,juegos/persian-wars-bigbox/,idioma,[],"[""Español""]",tags: juego en castellano
477,000000,Persian Wars,juegos/persian-wars-bigbox/,soporte,[],"[""CD-ROM""]",incluye: 1 CD-ROM
478,000000,Tigershark,juegos/tigershark-bigbox/,mercado,[],"[""Europa""]",descripcion: Esta edición europea en caja grande para PC CD-ROM presenta textos multilingües en el reverso || tags: edición europea
478,000000,Tigershark,juegos/tigershark-bigbox/,soporte,[],"[""CD-ROM""]",incluye: CD-ROM
479,000000,Seven Kingdoms II: The Fryhtan Wars,juegos/seven-kingdoms-ii-the-fryhtan-wars-bigbox/,mercado,[],"[""España"", ""Italia"", ""Europa""]",descripcion: Esta edición europea hispano-italiana en caja grande || tags: edición hispano-italiana
479,000000,Seven Kingdoms II: The Fryhtan Wars,juegos/seven-kingdoms-ii-the-fryhtan-wars-bigbox/,idioma,[],"[""Español"", ""Inglés"", ""Italiano""]","incluye: Manual en castellano/italiano || tags: juego en inglés || tags: manual en castellano || tags: manual en italiano || descripcion: Esta edición europea hispano-italiana en caja grande, distribuida por Ubi Soft, indica juego en inglés y manual en castellano e italiano, rasgo relevante para documentar la localización parcial de la edición física"
479,000000,Seven Kingdoms II: The Fryhtan Wars,juegos/seven-kingdoms-ii-the-fryhtan-wars-bigbox/,soporte,[],"[""CD-ROM""]",incluye: CD-ROM
480,000000,Great Naval Battles: Super Ships of the Atlantic - America in the Atlantic,juegos/great-naval-battles-super-ships-of-the-atlantic-america-in-the-atlantic-bigbox/,mercado,[],"[""España""]",descripcion: Esta edición española en caja grande reúne los módulos Super Ships of the Atlantic y America in the Atlantic || tags: edición española
480,000000,Great Naval Battles: Super Ships of the Atlantic - America in the Atlantic,juegos/great-naval-battles-super-ships-of-the-atlantic-america-in-the-atlantic-bigbox/,soporte,[],"[""Disquete 3,5\""""]",incluye: 3 disquetes de 3.5 HD de Great Naval Battles || incluye: Disquete de 3.5 HD de escenarios y campañas Super Ships of the Atlantic / America in the Atlantic
481,000000,El Imperio de las Hormigas,juegos/el-imperio-de-las-hormigas-bigbox/,mercado,[],"[""España""]",descripcion: Esta edición española distribuida por Friendware conserva interés documental por representar una adaptación literaria europea poco habitual || tags: edición española
481,000000,El Imperio de las Hormigas,juegos/el-imperio-de-las-hormigas-bigbox/,soporte,[],"[""CD-ROM""]",incluye: CD-ROM
482,000000,Scorcher,juegos/scorcher-bigbox/,mercado,[],"[""Europa""]",descripcion: Esta edición europea en caja grande conserva interés documental por su presentación multilingüe || tags: edición europea
482,000000,Scorcher,juegos/scorcher-bigbox/,idioma,[],"[""Multilingüe""]","descripcion: Esta edición europea en caja grande conserva interés documental por su presentación multilingüe, el uso del sello Scavenger y la distribución de GT Interactive en el mercado PC CD-ROM"
482,000000,Scorcher,juegos/scorcher-bigbox/,soporte,[],"[""CD-ROM""]",incluye: CD-ROM en caja jewel case
483,000000,The Settlers III,juegos/the-settlers-iii-bigbox/,mercado,[],"[""España""]",descripcion: Esta edición española en caja grande || tags: edición española
483,000000,The Settlers III,juegos/the-settlers-iii-bigbox/,soporte,[],"[""CD-ROM""]",incluye: CD-ROM en caja jewel case
484,000000,Nick Faldo's Championship Golf,juegos/nick-faldos-championship-golf-bigbox/,mercado,[],"[""Europa""]",descripcion: ([MobyGames][1]) Esta edición europea para MS-DOS utiliza gráficos VGA de 256 colores y un sistema de representación poligonal orientado a recrear el relieve || tags: edición europea
484,000000,Nick Faldo's Championship Golf,juegos/nick-faldos-championship-golf-bigbox/,soporte,[],"[""Disquete 3,5\""""]","incluye: 2 disquetes de 3,5 pulgadas"
485,000000,Championship Surfer,juegos/championship-surfer-bigbox/,mercado,[],"[""España"", ""Europa""]",tags: edición española || tags: edición europea multilingüe
485,000000,Championship Surfer,juegos/championship-surfer-bigbox/,idioma,[],"[""Multilingüe""]",tags: edición europea multilingüe || descripcion: Esta variante física española para PC CD-ROM fue distribuida por The Learning Company España dentro de un embalaje europeo multilingüe y documenta la etapa de expansión de los deportes extremos en el videojuego de comienzos de los años 2000
485,000000,Championship Surfer,juegos/championship-surfer-bigbox/,soporte,[],"[""CD-ROM""]",incluye: CD-ROM
486,000000,Great Naval Battles: North Atlantic 1939-43,juegos/great-naval-battles-north-atlantic-1939-43-bigbox/,mercado,[],"[""España""]",descripcion: Esta edición española en disquetes || tags: edición española
486,000000,Great Naval Battles: North Atlantic 1939-43,juegos/great-naval-battles-north-atlantic-1939-43-bigbox/,idioma,[],"[""Español""]",incluye: Manual de usuario en castellano || tags: software en castellano
486,000000,Great Naval Battles: North Atlantic 1939-43,juegos/great-naval-battles-north-atlantic-1939-43-bigbox/,soporte,[],"[""Disquete 3,5\""""]","incluye: 3 disquetes de 3,5 pulgadas HD"
487,000000,Chess Player 2150,juegos/chess-player-2150-bigbox/,mercado,[],"[""España""]",descripcion: Esta edición española en caja grande para MS-DOS fue distribuida por System 4 || tags: edición española
487,000000,Chess Player 2150,juegos/chess-player-2150-bigbox/,idioma,[],"[""Español""]","tags: manual en castellano || descripcion: Esta edición española en caja grande para MS-DOS fue distribuida por System 4, utiliza un disquete de 5,25 pulgadas e incluye una guía del usuario localizada al castellano"
487,000000,Chess Player 2150,juegos/chess-player-2150-bigbox/,soporte,[],"[""Disquete 5,25\""""]","incluye: Disquete de 5,25 pulgadas"
488,000000,Sensible Soccer: European Champions - 1992/93 Season Edition,juegos/sensible-soccer-european-champions-1992-93-season-edition-bigbox/,mercado,[],"[""Europa""]",tags: edición europea
488,000000,Sensible Soccer: European Champions - 1992/93 Season Edition,juegos/sensible-soccer-european-champions-1992-93-season-edition-bigbox/,idioma,[],"[""Multilingüe""]",incluye: Manual multilingüe
488,000000,Sensible Soccer: European Champions - 1992/93 Season Edition,juegos/sensible-soccer-european-champions-1992-93-season-edition-bigbox/,soporte,[],"[""Disquete 3,5\""""]","incluye: Disquete de 3,5 pulgadas 720K"
493,000000,Diablo II. Expansion set,juegos/diablo-ii-expansion-set-cddvd/,mercado,[],"[""España""]",descripcion: y mejoras en calidad de vida y localización para la versión española dentro de la serie BestSeller
499,000000,Scarface. El precio del poder,juegos/scarface-el-precio-del-poder-cddvd/,mercado,[],"[""España""]",descripcion: Versión en español del juego de mundo abierto inspirado en la película Scarface
499,000000,Scarface. El precio del poder,juegos/scarface-el-precio-del-poder-cddvd/,idioma,[],"[""Español""]",descripcion: Versión en español del juego de mundo abierto inspirado en la película Scarface
514,000000,Aliens vs. Predator 2,juegos/allien-vs-predator-2-cddvd/,tipo_edicion,[],"[""Reedición"", ""Colección""]",descripcion: Esta edición fue reeditada dentro de la colección BestSeller Series
516,000000,The Thing,juegos/the-thing-bestsellers-cddvd/,idioma,[],"[""Español"", ""Inglés""]",descripcion: La edición en caja grande de BestSeller Series incluye voces en inglés y textos en castellano
517,000000,Heroes of Might and Magic V: Gold Edition,juegos/heroes-of-might-and-magic-v-gold-edition-cddvd/,anio,"""""","""2007""",descripcion: Edición recopilatoria lanzada el 26 de octubre de 2007
517,000000,Heroes of Might and Magic V: Gold Edition,juegos/heroes-of-might-and-magic-v-gold-edition-cddvd/,tipo_edicion,[],"[""Compilación""]","descripcion: Edición recopilatoria lanzada el 26 de octubre de 2007 en Europa, incluye el juego base Heroes V (2006) y las dos expansiones: Hammers of Fate (noviembre 2006) y Tribes of the East (octubre 2007)"
529,000000,Brothers in Arms Pack,juegos/brothers-in-arms-pack-codegame-cddvd/,tipo_edicion,[],"[""Bundle/Pack""]","descripcion: Pack que reúne varios títulos de la saga Brothers in Arms, ofreciendo campañas tácticas ambientadas en la Segunda Guerra Mundial con énfasis en el trabajo en equipo y la estrategia"
548,000000,Far Cry 2: Fortune's Edition,juegos/farcry-2-fortunes-edition-codegame-cddvd/,tipo_edicion,[],"[""Edición especial""]","descripcion: Edición especial de Far Cry 2 ambientada en un país africano ficticio asolado por la guerra, que incluye el juego base y contenido adicional como nuevas misiones, armas y vehículos"
570,000000,Prince of Persia: Edición Coleccionista,juegos/prince-of-persia-edicion-coleccionista-codegame-cddvd/,tipo_edicion,[],"[""Edición especial"", ""Edición coleccionista""]","titulo: Prince of Persia: Edición Coleccionista || descripcion: Edición especial del reinicio de Prince of Persia que incluye contenido adicional y material extra, manteniendo la aventura del príncipe y Elika para purificar el reino de la corrupción"
647,000000,Warcraft II: Battle.net Edition,juegos/warcraft-ii-battle-net-edition-chj-cddvd/,tipo_edicion,[],"[""Edición especial""]","descripcion: Edición especial del clásico *Warcraft II* que incluye el juego original y su expansión *Beyond the Dark Portal*, adaptados para el multijugador en línea a través de Battle"
651,000000,Runaway: Trilogía,juegos/runaway-trilogia-cddvd/,tipo_edicion,[],"[""Compilación"", ""Edición especial""]","tags: Edición especial || descripcion: Runaway: Trilogía es una recopilación que incluye las tres aventuras gráficas de la saga Runaway desarrollada por Pendulo Studios: A Road Adventure, The Dream of the Turtle y A Twist of Fate"
653,000000,1917: Project Helios Collector's Edition,juegos/1917-project-helios-collectors-edition-cddvd/,tipo_edicion,[],"[""Edición coleccionista""]",titulo: 1917: Project Helios Collector's Edition || descripcion: La edición de coleccionista incluye contenido adicional exclusivo
687,000000,Cossacks Anthology,juegos/cossacks-anthology-cddvd/,tipo_edicion,[],"[""Compilación""]",titulo: Cossacks Anthology
711,000000,Empire Earth II: Gold Edition,juegos/empire-earth-ii-gold-edition-cddvd/,tipo_edicion,[],"[""Edición especial""]",descripcion: Edición especial que incluye Empire Earth II junto con su expansión The Art of Supremacy
733,000000,Gothic II: Gold Edition,juegos/gothic-ii-gold-edition-cddvd/,tipo_edicion,[],"[""Edición especial""]",descripcion: Edición especial que incluye Gothic II junto con su expansión Night of the Raven
735,000000,Gothic Universe,juegos/gothic-universe-cddvd/,tipo_edicion,[],"[""Compilación""]","descripcion: Edición recopilatoria que incluye los tres primeros juegos de la saga Gothic (Gothic, Gothic II Gold Edition y Gothic 3)"
762,000000,Jade Empire: Special Edition,juegos/jade-empire-special-edition-cddvd/,tipo_edicion,[],"[""Edición especial""]",titulo: Jade Empire: Special Edition
775,000000,Marranos en Guerra,juegos/marranos-en-gueraa-cddvd/,mercado,[],"[""España""]",descripcion: Versión en español de Hogs of War
775,000000,Marranos en Guerra,juegos/marranos-en-gueraa-cddvd/,idioma,[],"[""Español""]",descripcion: Versión en español de Hogs of War
784,000000,Mega Drive Classic Collection: Volume 4,juegos/megadrive-classic-collection-volume-4-cddvd/,tipo_edicion,[],"[""Compilación""]",descripcion: Cuarta entrega de la recopilación de clásicos de Sega Mega Drive para PC
787,000000,Midway Arcade Treasures,juegos/midway-arcade-treasures-cddvd/,tipo_edicion,[],"[""Compilación""]","descripcion: Compilación de juegos arcade clásicos de Midway, incluyendo títulos como Defender, Gauntlet, Joust, Paperboy y Rampage"
797,000000,Operation Flashpoint: Gold Upgrade,juegos/operation-flaspoint-gold-upgrade-cddvd/,tipo_edicion,[],"[""Edición especial""]",descripcion: Edición especial que actualiza el juego original Operation Flashpoint: Cold War Crisis incluyendo la expansión Red Hammer y contenido adicional
826,000000,RollerCoaster Tycoon 3: Deluxe Edition,juegos/rollercoaster-tycoon-3-deluxe-edition-cddvd/,tipo_edicion,[],"[""Edición especial""]",descripcion: Edición especial que incluye RollerCoaster Tycoon 3 junto con sus expansiones Soaked
835,000000,SacSam & Max: Primera Temporada Completa,juegos/sam-and-max-primera-temporada-completa-cddvd/,tipo_edicion,[],"[""Compilación""]","descripcion: Compilación que reúne los seis episodios de la primera temporada de las aventuras gráficas de Sam & Max, caracterizadas por su humor absurdo, diálogos ingeniosos y puzzles clásicos de point and click"
861,000000,StarCraft II: Battle Chest,juegos/starcraft-ii-battle-chest-cddvd/,tipo_edicion,[],"[""Compilación""]","descripcion: Edición recopilatoria de StarCraft II que incluye el juego base Wings of Liberty y sus expansiones Heart of the Swarm y Legacy of the Void, ofreciendo la trilogía completa de campañas junto con el modo multijugador competitivo"
872,000000,Taito Legends,juegos/taito-legends-i-cddvd/,tipo_edicion,[],"[""Compilación""]","descripcion: Compilación de clásicos arcade de Taito que reúne más de 20 títulos emblemáticos, incluyendo Space Invaders, Bubble Bobble, Rainbow Islands y otros, en una sola colección para PC"
878,000000,The Elder Scrolls IV: Oblivion - Collector's Edition,juegos/the-elders-scroll-iv-oblivion-collectors-edition-cddvd/,tipo_edicion,[],"[""Edición coleccionista""]",titulo: The Elder Scrolls IV: Oblivion - Collector's Edition || descripcion: Edición de coleccionista del aclamado RPG de mundo abierto de Bethesda
881,000000,The Stronghold Collection,juegos/the-stronghold-collection-cddvd/,tipo_edicion,[],"[""Compilación""]","descripcion: Recopilación de la saga Stronghold que incluye varias de las entregas clásicas de estrategia y gestión de castillos, con campañas, escaramuzas y modos multijugador"
887,000000,Titan Quest: Gold Edition,juegos/titan-quest-gold-edition-cddvd/,tipo_edicion,[],"[""Edición especial""]",descripcion: Edición especial que incluye Titan Quest junto con su expansión Immortal Throne
891,000000,Total War Anthology,juegos/total-war-anthology-cddvd/,tipo_edicion,[],"[""Compilación""]","titulo: Total War Anthology || descripcion: Edición recopilatoria de la saga Total War que incluye varias de las entregas más destacadas de la serie de estrategia, combinando gestión por turnos y batallas en tiempo real"
892,000000,Total War: Medieval II - Edición Coleccionista,juegos/total-war-medieval-ii-edicion-coleccionista-cddvd/,tipo_edicion,[],"[""Edición coleccionista""]","titulo: Total War: Medieval II - Edición Coleccionista || descripcion: Edición coleccionista de la segunda entrega de la saga Medieval, parte de la serie Total War"
895,000000,RollerCoaster Tycoon 2: Totally RollerCoaster,juegos/rollercoaster-tycoon-2-totally-rollercoaster-cddvd/,tipo_edicion,[],"[""Edición especial""]",descripcion: Edición especial de RollerCoaster Tycoon 2 que incluye el juego base junto con las expansiones Wacky Worlds y Time Twister
915,000000,Crazy Taxi,juegos/crazy-taxi-fxinteractive-cddvd/,idioma,[],"[""Español""]",descripcion: Versión para PC distribuida por FX Interactive en España con voces/textos al español
916,000000,Crazy Machines,juegos/crazy-machines-fxinteractive-cddvd/,idioma,[],"[""Español""]","descripcion: Puzzle estilo máquinas de Rube Goldberg con más de 200 experimentos, editor de niveles, física avanzada (PhysX), doblado y textos en español por FX Interactive"
917,000000,Cossacks Anthology,juegos/cossacks-anthology-fxinteractive-cddvd/,tipo_edicion,[],"[""Compilación""]",titulo: Cossacks Anthology || descripcion: Edición de Oro recopilatoria que incluye Cossacks: European Wars (2000) y sus dos expansiones: The Art of War (2001) y Back to War (2002)
919,000000,Colin McRae Rally 2.0,juegos/colin-mcrae-rally-2-0-fxinteractive-cddvd/,mercado,[],"[""España""]",descripcion: edición en español distribuida por FX Interactive
920,000000,Colin McRae Rally 04,juegos/colin-mcrae-rally-04-fxinteractive-cddvd/,mercado,[],"[""España""]",descripcion: edición FX distribuida en español
921,000000,Colin McRae: DiRT 2,juegos/colin-mcrae-dirt-2-fxinteractive-cddvd/,idioma,[],"[""Español""]","descripcion: Simulador de rallies todoterreno con escenarios internacionales, compatibilidad GFWL multijugador, doblaje o subtítulos en español (edición local FX), manual y guía/mapa incluidos"
922,000000,City Simulator,juegos/city-simulator-fxinteractive-cddvd/,idioma,[],"[""Español""]","descripcion: Colección triple DVD que reúne nueve city‑builders de FX: Imperivm Civitas I, II y III, City Life Premium, Cities XL, Tropico (Paráiso y Pirates) y otros clásicos, con textos y voces en español"
923,000000,City Life Premium,juegos/city-life-premium-fxinteractive-cddvd/,idioma,[],"[""Español""]",descripcion: Textos y voces en español localizados por FX Interactive
927,000000,Call of Juarez - Edición Oro,juegos/call-of-juarez-oro-fxinteractive-cddvd/,idioma,[],"[""Español""]","descripcion: FPS ambientado en el Salvaje Oeste, doblado y traducido al español por FX Interactive"
929,000000,Avencast: Rise of the Mage,juegos/avencast-fxinteractive-cddvd/,idioma,[],"[""Español""]",descripcion: Dobladado y traducido al español por FX
932,000000,American Conquest Anthology,juegos/american-conquest-anthology-fxinteractive-cddvd/,tipo_edicion,[],"[""Compilación""]",titulo: American Conquest Anthology || descripcion: Edición Anthology distribuida por FX en España e Italia que incluye American Conquest (2002) y su expansión Fight Back (2003)
937,000000,Death to Spies: Anthology,juegos/death-to-spies-anthology-fxinteractive-cddvd/,tipo_edicion,[],"[""Compilación""]","titulo: Death to Spies: Anthology || descripcion: Compilación que incluye Death to Spies (2007) y su secuela Moment of Truth, juego de infiltración en la Segunda Guerra Mundial con misiones de espionaje, disfraces, sabotaje y armas históricas"
938,000000,Delta Force 2,juegos/delta-force-2-fxinteractive-cddvd/,mercado,[],"[""España""]",descripcion: Edición traducida al español por FX Interactive
938,000000,Delta Force 2,juegos/delta-force-2-fxinteractive-cddvd/,idioma,[],"[""Español""]",descripcion: Edición traducida al español por FX Interactive
940,000000,Disciples II: Anthology,juegos/disciples-ii-anthology-fxinteractive-cddvd/,idioma,[],"[""Español""]","descripcion: Compilación que incluye Disciples II: Dark Prophecy y la expansión Rise of the Elves (Gallean’s Return), con modos campaña, multijugador, manual en español y voces/textos localizados"
940,000000,Disciples II: Anthology,juegos/disciples-ii-anthology-fxinteractive-cddvd/,tipo_edicion,[],"[""Compilación""]","titulo: Disciples II: Anthology || descripcion: Compilación que incluye Disciples II: Dark Prophecy y la expansión Rise of the Elves (Gallean’s Return), con modos campaña, multijugador, manual en español y voces/textos localizados"
941,000000,Disciples III: Renaissance,juegos/disciples-iii-renaissance-fxinteractive-cddvd/,anio,"""""","""2010""",descripcion: Edición FX distribuida en España el 23 de septiembre de 2010
941,000000,Disciples III: Renaissance,juegos/disciples-iii-renaissance-fxinteractive-cddvd/,mercado,[],"[""España""]",descripcion: Edición FX distribuida en España el 23 de septiembre de 2010 con textos
941,000000,Disciples III: Renaissance,juegos/disciples-iii-renaissance-fxinteractive-cddvd/,idioma,[],"[""Español""]","descripcion: Edición FX distribuida en España el 23 de septiembre de 2010 con textos, voces y manual en español"
944,000000,Dracula II: The Last Sanctuary,juegos/dracula-ii-last-sanctuary-fxinteractive-cddvd/,mercado,[],"[""España""]",descripcion: versión en español distribuida por FX Interactive
944,000000,Dracula II: The Last Sanctuary,juegos/dracula-ii-last-sanctuary-fxinteractive-cddvd/,idioma,[],"[""Español""]","descripcion: aventura gráfica en primera persona con resolución de puzzles, exploración y ambiente gótico, versión en español distribuida por FX Interactive"
945,000000,Dragon's Lair - Edición 20º Aniversario,juegos/dragons-lair-20-aniversario-fxinteractive-cddvd/,idioma,[],"[""Español""]","descripcion: Colección compacta que incluye Dragon’s Lair original, Dragon’s Lair II y Space Ace, con nuevas escenas inéditas, entrevistas, resolución HD mejorada y manual en español en edición FX"
948,000000,Drakensang. Anthology,juegos/drakensang-anthology-fxinteractive-cddvd/,tipo_edicion,[],"[""Compilación""]","titulo: Drakensang. Anthology || descripcion: Compilación que reúne Drakensang: The Dark Eye, su secuela The River of Time y la expansión Phileasson's Secret"
952,000000,Dungeons,juegos/dungeons-fxinteractive-cddvd/,idioma,[],"[""Español""]","descripcion: Incluye campaña de 17 misiones, doblaje y textos en español por FX"
954,000000,El Primer Templario: En Busca del Santo Grial,juegos/el-primer-templario-en-busca-del-santo-grial-fxinteractive-cddvd/,idioma,[],"[""Español""]","descripcion: incluye doblaje, textos y manual en español"
957,000000,El Rey Arturo,juegos/el-rey-arturo-fxinteractive-cddvd/,idioma,[],"[""Español""]","descripcion: incluye texto y doblaje en español, campaña narrativa basada en la leyenda del Rey Arturo pero también con fantasía y magia"
959,000000,Estrategia Histórica,juegos/estrategia-historica-fxinteractive-cddvd/,idioma,[],"[""Español""]",descripcion: Incluye manual impreso y textos en español
967,000000,Imperivm Total Anthology,juegos/imperium-total-anthology-fxinteractive-cddvd/,tipo_edicion,[],"[""Compilación""]","titulo: Imperivm Total Anthology || descripcion: Compilación que reúne las seis entregas principales de la saga: Imperivm I (La Guerra de las Galias), II (La Conquista de Hispania), III (Las Grandes Batallas de Roma), Civitas I, Civitas II y Civitas III"
972,000000,Imperivm Civitas Anthology,juegos/imperium-civitas-anthology-fxinteractive-cddvd/,tipo_edicion,[],"[""Compilación""]",titulo: Imperivm Civitas Anthology
973,000000,Imperivm Anthology,juegos/imperium-anthology-fxinteractive-cddvd/,tipo_edicion,[],"[""Compilación""]",titulo: Imperivm Anthology || descripcion: Imperivm Anthology recopila las entregas más emblemáticas de la saga de estrategia histórica Imperivm
977,000000,Imperio de los Mares Anthology,juegos/imperio-de-los-mares-anthology-fxinteractive-cddvd/,tipo_edicion,[],"[""Compilación""]",titulo: Imperio de los Mares Anthology || descripcion: Imperio de los Mares Anthology reúne en un solo pack los mejores juegos de estrategia naval publicados por FX Interactive
981,000000,Grandes Batallas Medievales Anthology,juegos/grandes-batallas-medievales-anthology-fxinteractive-cddvd/,tipo_edicion,[],"[""Compilación""]",titulo: Grandes Batallas Medievales Anthology || descripcion: Grandes Batallas Medievales Anthology reúne varios títulos de estrategia histórica centrados en los principales conflictos de la Edad Media
985,000000,Kings of adventure,juegos/kings-of-adventure-fxinteractive-cddvd/,tipo_edicion,[],"[""Compilación""]",descripcion: Kings of Adventure es una recopilación que incluye seis de las aventuras gráficas más destacadas publicadas por FX Interactive
986,000000,King's Bounty Anthology,juegos/kings-bounty-anthology-fxinteractive-cddvd/,tipo_edicion,[],"[""Compilación""]","titulo: King's Bounty Anthology || descripcion: King's Bounty Anthology es una recopilación que incluye tres títulos de la saga King's Bounty: 'The Legend', 'Armored Princess' y su expansión 'Crossworlds'"
990,000000,Take On Helicopters,juegos/take-on-helicopters-fxinteractive-cddvd/,idioma,[],"[""Español""]","descripcion: La edición de FX en caja grande incluye voces y textos en castellano, manual impreso y extras en formato físico o digital, siguiendo el estilo habitual de la colección FX"
992,000000,La fuga de Deponia,juegos/la-fuga-de-deponia-fxinteractive-cddvd/,idioma,[],"[""Español""]","descripcion: Fue lanzado en 2012 con doblaje y textos en español, y se convirtió en un éxito de crítica y ventas, marcando el inicio de la trilogía Deponia"
996,000000,Men of War: Edición Coleccionista,juegos/men-of-war-coleccionista-fxinteractive-cddvd/,tipo_edicion,[],"[""Edición coleccionista""]","titulo: Men of War: Edición Coleccionista || descripcion: Men of War: Edición Coleccionista reúne las cinco entregas principales de la saga: 'Men of War', 'Red Tide', 'Assault Squad', 'Condemned Heroes' y 'Vietnam', junto con todos sus DLC"
998,000000,Men of War: Edición Oro,juegos/men-of-war-edicion-oro-fxinteractive-cddvd/,tipo_edicion,[],"[""Compilación""]",descripcion: Men of War: Edición Oro es una recopilación que incluye el juego original *Men of War* y su expansión oficial *Red Tide*
1007,000000,Painkiller: Edición de Oro,juegos/painkiller-edicion-oro-fxinteractive-cddvd/,tipo_edicion,[],"[""Compilación""]",descripcion: Painkiller: Edición de Oro es una recopilación que incluye el juego original *Painkiller* y su expansión *Battle Out of Hell*
1010,000000,Patrician IV: Imperio de los Mares - Edición Oro,juegos/patrician-iv-imperio-de-los-mares-edicion-oro-fxinteractive-cddvd/,tipo_edicion,[],"[""Edición especial""]",descripcion: Patrician IV: Imperio de los Mares - Edición Oro es una edición especial del juego de simulación económica que incluye el juego base y su expansión oficial 'Rise of a Dynasty'
1014,000000,PC Atletismo: Edición de Oro,juegos/pc-atletismo-edicion-oro-fxinteractive-cddvd/,tipo_edicion,[],"[""Compilación""]",descripcion: PC Atletismo: Edición de Oro es una recopilación que incluye el juego original *PC Atletismo 2000* y su expansión
1024,000000,Real Warfare Anthology,juegos/real-warfare-anthology-fxinteractive-cddvd/,tipo_edicion,[],"[""Compilación""]",titulo: Real Warfare Anthology
1039,000000,Sim Anthology,juegos/sim-anthology-fxinteractive-cddvd/,tipo_edicion,[],"[""Compilación""]",titulo: Sim Anthology
1045,000000,Sherlock Holmes Anthology,juegos/sherlock-holmes-anthology-fxinteractive-cddvd/,tipo_edicion,[],"[""Compilación""]","titulo: Sherlock Holmes Anthology || descripcion: Recopilación de juegos de aventura gráfica basados en las novelas de Sherlock Holmes, que combinan misterio, investigación y resolución de puzles"
1061,000000,Tropico Coleccionista,juegos/tropico-coleccionista-fxinteractive-cddvd/,tipo_edicion,[],"[""Edición coleccionista""]",descripcion: Edición coleccionista que incluye Tropico 3 y Tropico 4 con contenido adicional exclusivo y mejoras en la experiencia de juego
1066,000000,Tzar Anthology,juegos/tzar-anthology-fxinteractive-cddvd/,tipo_edicion,[],"[""Compilación""]",titulo: Tzar Anthology
1067,000000,Tzar: Edición de Oro,juegos/tzar-edicion-de-oro-fxinteractive-cddvd/,tipo_edicion,[],"[""Edición especial""]","descripcion: Edición especial que incluye el juego original Tzar y su expansión The Curse, con mejoras y contenido adicional para una experiencia completa"
1078,000000,War and Magic Anthology,juegos/war-and-magic-anthology-fxinteractive-cddvd/,tipo_edicion,[],"[""Compilación""]",titulo: War and Magic Anthology
1097,000000,Vietcong: Purple Haze,juegos/vietcong-purple-haze-mk-cddvd/,tipo_edicion,[],"[""Edición especial""]",descripcion: Vietcong: Purple Haze es una edición especial que incluye el juego original Vietcong junto con su expansión Fist Alpha
1118,000000,Taito Legends 2,juegos/tayto-legends-2-cddvd/,tipo_edicion,[],"[""Compilación""]",descripcion: Taito Legends 2 es una recopilación de juegos clásicos de arcade de Taito
1152,000000,Los Sims: La Familia al Completo,juegos/los-sims-la-familia-al-completo-sims-cddvd/,tipo_edicion,[],"[""Compilación"", ""Edición especial""]","tags: Edición especial || descripcion: Edición recopilatoria que incluye el juego base Los Sims y varias expansiones, como Los Sims: Animales a Raudales y otras, ofreciendo una experiencia más amplia centrada en la vida familiar y doméstica"
1161,000000,Los Sims: GigaLuxe,juegos/los-sims-gigaluxe-sims-cddvd/,tipo_edicion,[],"[""Edición especial""]","tags: Edición especial || descripcion: Edición especial que incluye el juego base Los Sims junto con las expansiones Los Sims: Fiesta, Los Sims: Más Vivos que Nunca y Los Sims: House Party, ofreciendo una experiencia más completa desde el inicio"
1162,000000,Los Sims: Megaluxe,juegos/los-sims-megaluxe-sims-cddvd/,tipo_edicion,[],"[""Edición especial""]","tags: Edición especial || descripcion: Edición especial que incluye el juego base Los Sims junto con las expansiones Los Sims: Más Vivos que Nunca y Los Sims: House Party, ofreciendo una experiencia ampliada desde el primer momento"
1163,000000,Los Sims: Edicion Deluxe,juegos/los-sims-edicion-deluxe-sims-cddvd/,tipo_edicion,[],"[""Edición especial""]","tags: Edición especial || descripcion: Edición especial que incluye el juego base Los Sims, la expansión Los Sims: Fiesta y contenido adicional exclusivo como nuevos objetos, estilos y herramientas de personalización"
1169,000000,Los Sims 2: Megaluxe,juegos/los-sims-2-megaluxe-sims-cddvd/,tipo_edicion,[],"[""Edición especial""]","tags: Edición especial || descripcion: Edición especial que incluye el juego base Los Sims 2, la expansión Universitarios y el pack de accesorios Todo Glamour"
1185,000000,Los Sims 3: Edicion Conmemorativa,juegos/los-sims-3-edicion-conmemorativa-sims-cddvd/,tipo_edicion,[],"[""Edición especial""]",tags: Edición especial || descripcion: Edición especial de Los Sims 3 lanzada para conmemorar el 10º aniversario de la saga
1200,000000,Age of Empires: Collector's Edition,juegos/age-of-empires-collectors-edition-codegame-cddvd/,tipo_edicion,[],"[""Edición coleccionista""]",titulo: Age of Empires: Collector's Edition || descripcion: Age of Empires: Collector's Edition reúne en una sola edición los títulos clásicos de la saga de estrategia en tiempo real desarrollada por Ensemble Studios
1223,000000,Diablo III,juegos/diablo-iii-edesp-cddvd/,tipo_edicion,[],"[""Edición especial""]",tags: Edición especial
1224,000000,Diablo III: Reaper of Souls,juegos/diablo-iii-reaper-of-souls-edesp-cddvd/,tipo_edicion,[],"[""Edición especial""]",tags: Edición especial
1225,000000,American McGee's Alice,juegos/american-mcgees-alice-cddvd/,mercado,[],"[""España""]",descripcion: La edición EA Games Classics en caja grande distribuida en España incluye voces en inglés y textos completamente traducidos al castellano
1225,000000,American McGee's Alice,juegos/american-mcgees-alice-cddvd/,idioma,[],"[""Español"", ""Inglés""]",descripcion: La edición EA Games Classics en caja grande distribuida en España incluye voces en inglés y textos completamente traducidos al castellano
1226,000000,Counter Strike. Condition Zero,juegos/counter-strike-cddvd/,idioma,[],"[""Español""]","descripcion: Su versión BestSeller Series fue lanzada en formato físico en España, con textos en castellano y compatibilidad con Windows 98 y XP"
1227,000000,Viper Racing,juegos/viper-racing-cddvd/,idioma,[],"[""Español""]","descripcion: La edición BestSeller Series ofrecía el título en formato económico, completamente localizado al castellano"
1228,000000,El Señor de los Anillos: La Guerra del Anillo,juegos/el-senor-de-los-anillos-la-guerra-del-anillo-cddvd/,idioma,[],"[""Español""]",descripcion: La edición BestSeller Series ofrecía el juego con textos y voces en castellano
1229,000000,F.E.A.R.,juegos/fear-bestseller-series-cddvd/,idioma,[],"[""Español""]",descripcion: La edición BestSeller Series incluye el juego completamente en castellano en formato DVD
1230,000000,Warcraft II: Battle.net Edition,juegos/warcraft-ii-battlenet-edition-bestseller-series-cddvd/,idioma,[],"[""Español""]",descripcion: Esta edición BestSeller Series ofrece el juego totalmente en castellano en formato CD-ROM
1245,000000,Mega Drive: Classic Collection – Gold Edition,juegos/mega-drive-classic-collection-gold-edition-cddvd/,tipo_edicion,[],"[""Compilación""]",descripcion: Mega Drive: Classic Collection – Gold Edition es una recopilación de videojuegos clásicos de Sega originalmente lanzados para la consola Mega Drive
1256,000000,Los Sims Medieval,juegos/los-sims-medieval-cddvd/,mercado,[],"[""España""]",descripcion: Esta edición corresponde a la versión española en formato DVD para PC y Mac
1260,000000,The Settlers: El linaje de los reyes – Gold Edition,juegos/the-settlers-el-linaje-de-los-reyes-gold-edition-cddvd/,tipo_edicion,[],"[""Edición especial""]",descripcion: The Settlers: El linaje de los reyes – Gold Edition es una edición especial del juego de estrategia en tiempo real lanzado originalmente en 2006
1265,000000,IL-2 Sturmovik: 1946,juegos/il-2-sturmovik-1946-cddvd/,anio,"""""","""2006""","descripcion: edición recopilatoria del prestigioso simulador de vuelo de la Segunda Guerra Mundial, lanzada en 2006"
1265,000000,IL-2 Sturmovik: 1946,juegos/il-2-sturmovik-1946-cddvd/,tipo_edicion,[],"[""Compilación""]","descripcion: IL-2 Sturmovik: 1946 es una edición recopilatoria del prestigioso simulador de vuelo de la Segunda Guerra Mundial, lanzada en 2006"
1284,000000,Cycling Manager 2,juegos/cycling-manager-2-cddvd/,mercado,[],"[""España""]",descripcion: y fue distribuida en España por Telefónica dentro de acuerdos de software promocional
1284,000000,Cycling Manager 2,juegos/cycling-manager-2-cddvd/,idioma,[],"[""Español""]","descripcion: Esta edición para PC incluye dos CD-ROM y manual en castellano, y fue distribuida en España por Telefónica dentro de acuerdos de software promocional"
1285,000000,Thunder Brigade,juegos/thunder-brigade-cddvd/,mercado,[],"[""España""]",descripcion: Esta edición para PC en formato CD-ROM fue distribuida en España por Interactive Magic
1286,000000,Rise of Nations,juegos/rise-of-nations-cddvd/,mercado,[],"[""Europa""]",descripcion: Esta edición en formato CD/DVD corresponde a la distribución europea en castellano de Microsoft Game Studios
1287,000000,Pro Cycling Manager 2008-2009,juegos/pro-cycling-manager-2008-2009-cddvd/,idioma,[],"[""Español""]",descripcion: Versión en castellano distribuida por Friendware en formato PC DVD
1305,000000,Battlefield 1942,juegos/battlefield-1942-cddvd/,tipo_edicion,[],"[""Reedición"", ""Budget""]","descripcion: Esta edición pertenece a la línea EA Value Games, una reedición económica posterior que mantiene el contenido original del juego en formato CD-ROM, dirigida a ampliar su distribución tras su enorme éxito comercial"
1306,000000,Comanche 4,juegos/comanche-4-cddvd/,idioma,[],"[""Español""]",descripcion: Esta edición en CD-ROM incluye el manual de vuelo en español y representa una de las últimas entregas clásicas de la serie antes de su declive comercial
1311,000000,Martians: Space Conquerors,juegos/martians-space-conquerors-cddvd/,mercado,[],"[""Europa""]",descripcion: orientado al mercado europeo
1311,000000,Martians: Space Conquerors,juegos/martians-space-conquerors-cddvd/,tipo_edicion,[],"[""Budget""]",tags: Budget
1329,000000,Hitman Trilogy,juegos/hitman-trilogy-cddvd/,tipo_edicion,[],"[""Compilación""]","descripcion: Recopilación que incluye tres entregas de la saga Hitman: Hitman 2, Hitman: Contracts y Hitman: Blood Money"
1463,000000,Ken Follett: Los Pilares de la Tierra - Edición Coleccionista,juegos/ken-follett-los-pilares-de-la-tierra-cddvd/,tipo_edicion,[],"[""Edición coleccionista""]",titulo: Ken Follett: Los Pilares de la Tierra - Edición Coleccionista || tags: Edición coleccionista
1464,000000,Mafia II - Edición Coleccionista,juegos/mafia-ii-cddvd/,tipo_edicion,[],"[""Edición coleccionista""]",titulo: Mafia II - Edición Coleccionista || tags: Edición coleccionista
1465,000000,Guild Wars Factions,juegos/guild-wars-factions-cddvd/,mercado,[],"[""España""]",descripcion: Esta edición española en formato DVD Case representa una etapa muy concreta del PC físico de mediados de los 2000
1466,000000,Neverwinter Nights Legends,juegos/neverwinter-nights-legends-cddvd/,mercado,[],"[""España""]",descripcion: Esta edición española en caja de cartón incorpora documentación en castellano y la banda sonora oficial de Neverwinter Nights 2 || tags: edición española
1466,000000,Neverwinter Nights Legends,juegos/neverwinter-nights-legends-cddvd/,idioma,[],"[""Español""]","descripcion: Esta edición española en caja de cartón incorpora documentación en castellano y la banda sonora oficial de Neverwinter Nights 2, por lo que resulta especialmente relevante para preservar la etapa de expansión del rol occidental y del contenido creado por usuarios en PC"
1466,000000,Neverwinter Nights Legends,juegos/neverwinter-nights-legends-cddvd/,soporte,[],"[""DVD-ROM"", ""CD de audio""]","incluye: DVD-ROM de Neverwinter Nights 2 || incluye: DVD-ROM de Neverwinter Nights, Shadows of Undrentide y Hordes of the Underdark || incluye: CD de banda sonora oficial de Neverwinter Nights 2"
1466,000000,Neverwinter Nights Legends,juegos/neverwinter-nights-legends-cddvd/,tipo_edicion,[],"[""Compilación""]","descripcion: Neverwinter Nights Legends es una recopilación física publicada por Atari en 2008 que reúne Neverwinter Nights, sus expansiones Shadows of Undrentide y Hordes of the Underdark, y Neverwinter Nights 2"
1467,000000,ArchLord,juegos/archlord-cddvd/,mercado,[],"[""España"", ""Italia"", ""Europa""]",descripcion: Esta edición física europea en formato DVD Case con funda exterior de cartón || tags: edición española e italiana
1467,000000,ArchLord,juegos/archlord-cddvd/,idioma,[],"[""Español"", ""Italiano""]","incluye: Manual en castellano e italiano || descripcion: Esta edición física europea en formato DVD Case con funda exterior de cartón, para Windows 2000 y Windows XP, presenta textos exteriores en castellano e italiano, manual bilingüe y treinta días de juego online incluidos"
1467,000000,ArchLord,juegos/archlord-cddvd/,soporte,[],"[""DVD-ROM""]",incluye: DVD-ROM
1468,000000,Two Worlds II: Game of the Year Edition,juegos/two-worlds-ii-game-of-the-year-edition-cddvd/,mercado,[],"[""Europa""]",descripcion: Esta edición europea para PC y Mac incorpora el contenido ampliado de la expansión y constituye una publicación física representativa de la etapa final de las ediciones de rol para ordenador presentadas en caja de cartón con estuche y materiales impresos || tags: edición europea multilingüe
1468,000000,Two Worlds II: Game of the Year Edition,juegos/two-worlds-ii-game-of-the-year-edition-cddvd/,idioma,[],"[""Multilingüe""]",tags: edición europea multilingüe
1468,000000,Two Worlds II: Game of the Year Edition,juegos/two-worlds-ii-game-of-the-year-edition-cddvd/,soporte,[],"[""DVD-ROM""]",incluye: DVD-ROM Two Worlds II: Game of the Year Edition || incluye: DVD-ROM Bonus Disc
1474,000000,Multi 3D,juegos/multi-3d-dinamic-jewelcase/,tipo_edicion,[],"[""Bundle/Pack""]","descripcion: Pack recopilatorio que incluye versiones en 3D de juegos como Resident Evil, Grand Touring y Shogo en un único CD para PC"
1480,000000,Multisports 2000,juegos/multi-sports-2000-dinamic-jewelcase/,tipo_edicion,[],"[""Bundle/Pack""]","descripcion: Pack recopilatorio que incluye tres juegos deportivos para PC: Actua Soccer 3, The Golf Pro y Screamer Rally"
1482,000000,Flying Corps Gold,juegos/flying-corps-gold-dinamic-jewelcase/,tipo_edicion,[],"[""Reedición""]","descripcion: Reedición de Flying Corps (1996) con soporte Direct3D y tarjetas 3dfx, campaña adicional, editor de misiones y multijugador"
1483,000000,Multi Sports '99,juegos/multi-sports-99-jewelcase/,tipo_edicion,[],"[""Compilación""]",descripcion: Multi Sports '99 es una recopilación de juegos deportivos para PC lanzada por Dinamic Multimedia en 1999
1486,000000,PC Atletismo 2000,juegos/pc-atletismo-2000-jewelcase/,mercado,[],"[""España""]",descripcion: pertenece a la etapa final de la compañía y representa una línea de producto muy característica del mercado español de finales de los noventa: juegos deportivos especializados || tags: edición española
1486,000000,PC Atletismo 2000,juegos/pc-atletismo-2000-jewelcase/,soporte,[],"[""CD-ROM""]",incluye: CD-ROM
1487,000000,MultiAction 2000,juegos/multiaction-2000-jewelcase/,mercado,[],"[""España""]",descripcion: Esta edición española en Jewel Case resulta representativa de los packs económicos de PC distribuidos en España a finales de los años noventa || tags: edición española
1487,000000,MultiAction 2000,juegos/multiaction-2000-jewelcase/,soporte,[],"[""CD-ROM""]",incluye: CD-ROM
1487,000000,MultiAction 2000,juegos/multiaction-2000-jewelcase/,tipo_edicion,[],"[""Bundle/Pack""]",tags: pack recopilatorio
1488,000000,MiG Alley,juegos/mig-alley-jewelcase/,mercado,[],"[""España""]",descripcion: Esta edición española distribuida por Dinamic Multimedia para Windows 95/98 en formato Jewel Case documenta la llegada al mercado nacional de uno de los simuladores militares de PC más especializados de finales de los noventa || tags: edición española
1488,000000,MiG Alley,juegos/mig-alley-jewelcase/,soporte,[],"[""CD-ROM""]",incluye: CD-ROM
1489,000000,Fields of Fire: War Along the Mohawk,juegos/fields-of-fire-war-along-the-mohawk-jewelcase/,mercado,[],"[""España""]",descripcion: Esta edición española distribuida por Dinamic Multimedia para Windows 95/98 en formato Jewel Case documenta la llegada al mercado nacional de un título históricamente singular || tags: edición española
1489,000000,Fields of Fire: War Along the Mohawk,juegos/fields-of-fire-war-along-the-mohawk-jewelcase/,soporte,[],"[""CD-ROM""]",incluye: CD-ROM
1490,000000,Total Annihilation + Heart of Darkness,juegos/total-annihilation-heart-of-darkness-jewelcase/,mercado,[],"[""España""]",descripcion: Esta edición española bajo sello E-Play/Infogrames en soporte de 2 CD-ROM resulta relevante para preservación porque documenta una forma habitual de reedición económica en España || tags: edición española
1490,000000,Total Annihilation + Heart of Darkness,juegos/total-annihilation-heart-of-darkness-jewelcase/,soporte,[],"[""CD-ROM""]",incluye: 2 CD-ROM
1490,000000,Total Annihilation + Heart of Darkness,juegos/total-annihilation-heart-of-darkness-jewelcase/,tipo_edicion,[],"[""Budget"", ""Compilación""]","descripcion: Total Annihilation + Heart of Darkness es una edición recopilatoria en Jewel Case que reúne dos títulos muy distintos del PC de finales de los noventa || descripcion: Esta edición española bajo sello E-Play/Infogrames en soporte de 2 CD-ROM resulta relevante para preservación porque documenta una forma habitual de reedición económica en España, combinando licencias internacionales, formato Jewel Case, compatibilidad Windows 95/98 y distribución compacta para el mercado doméstico de PC"
1491,000000,PC Fútbol 6.0: Temporada 97-98,juegos/pc-futbol-6-0-temporada-97-98-jewelcase/,mercado,[],"[""España""]",tags: edición española
1491,000000,PC Fútbol 6.0: Temporada 97-98,juegos/pc-futbol-6-0-temporada-97-98-jewelcase/,soporte,[],"[""CD-ROM""]",incluye: CD-ROM
1492,000000,PC Fútbol 6.0: Extensión 2 - PC Fútbol Plus,juegos/pc-futbol-6-0-extension-2-pc-futbol-plus-jewelcase/,mercado,[],"[""España""]",tags: edición española
1492,000000,PC Fútbol 6.0: Extensión 2 - PC Fútbol Plus,juegos/pc-futbol-6-0-extension-2-pc-futbol-plus-jewelcase/,soporte,[],"[""CD-ROM""]",incluye: CD-ROM
1493,000000,PC Fútbol 6.0: Extensión 1,juegos/pc-futbol-6-0-extension-1-jewelcase/,anio,"""""","""1998""",descripcion: publicada en España por Dinamic Multimedia en 1998
1493,000000,PC Fútbol 6.0: Extensión 1,juegos/pc-futbol-6-0-extension-1-jewelcase/,mercado,[],"[""España""]",descripcion: publicada en España por Dinamic Multimedia en 1998 y dependiente de una instalación previa del juego base || tags: edición española
1493,000000,PC Fútbol 6.0: Extensión 1,juegos/pc-futbol-6-0-extension-1-jewelcase/,soporte,[],"[""CD-ROM""]",incluye: 2 CD-ROM
1494,000000,PC Calcio 6.0: Temporada 97-98,juegos/pc-calcio-6-0-temporada-97-98-jewelcase/,soporte,[],"[""CD-ROM""]",incluye: CD-ROM con PC Calcio 6.0 y PC Fútbol 5.0 Argentina: Apertura '98
1495,000000,PC Premier: PC Fútbol Liga Inglesa 6.0 - Temporada 97-98,juegos/pc-premier-pc-futbol-liga-inglesa-6-0-jewelcase/,mercado,[],"[""España""]",tags: edición española
1495,000000,PC Premier: PC Fútbol Liga Inglesa 6.0 - Temporada 97-98,juegos/pc-premier-pc-futbol-liga-inglesa-6-0-jewelcase/,soporte,[],"[""CD-ROM""]",incluye: CD-ROM
1496,000000,PC Premier: PC Fútbol Liga Inglesa 5.0 - Temporada 96-97,juegos/pc-premier-pc-futbol-liga-inglesa-5-0-temporada-96-97-jewelcase/,mercado,[],"[""España""]",tags: Edición española
1496,000000,PC Premier: PC Fútbol Liga Inglesa 5.0 - Temporada 96-97,juegos/pc-premier-pc-futbol-liga-inglesa-5-0-temporada-96-97-jewelcase/,soporte,[],"[""CD-ROM""]",incluye: CD-ROM
1497,000000,PC Calcio 5.0: Temporada 96-97,juegos/pc-calcio-5-0-jewelcase/,mercado,[],"[""Italia""]",tags: edición italiana
1497,000000,PC Calcio 5.0: Temporada 96-97,juegos/pc-calcio-5-0-jewelcase/,soporte,[],"[""CD-ROM""]",incluye: CD-ROM
1498,000000,PC Fútbol 5.0: Extensión 2,juegos/pc-futbol-5-0-extension-2-jewelcase/,mercado,[],"[""España""]",tags: edición española
1498,000000,PC Fútbol 5.0: Extensión 2,juegos/pc-futbol-5-0-extension-2-jewelcase/,soporte,[],"[""CD-ROM""]",incluye: CD-ROM
1499,000000,PC Fútbol 5.0: eXtensión 1,juegos/pc-futbol-5-0-extension-1-jewelcase/,mercado,[],"[""España""]",tags: edición española
1499,000000,PC Fútbol 5.0: eXtensión 1,juegos/pc-futbol-5-0-extension-1-jewelcase/,soporte,[],"[""CD-ROM""]",incluye: CD-ROM
1500,000000,PC Fútbol 5.0,juegos/pc-futbol-5-0-jewelcase/,soporte,[],"[""CD-ROM""]",incluye: CD-ROM
1501,000000,PC Real Madrid Basket '99: Temporada 98-99,juegos/pc-real-madrid-basket-99-jewelcase/,mercado,[],"[""España""]",tags: edición española
1501,000000,PC Real Madrid Basket '99: Temporada 98-99,juegos/pc-real-madrid-basket-99-jewelcase/,idioma,[],"[""Español""]",tags: voces en castellano
1501,000000,PC Real Madrid Basket '99: Temporada 98-99,juegos/pc-real-madrid-basket-99-jewelcase/,soporte,[],"[""CD-ROM""]",incluye: CD-ROM
1501,000000,PC Real Madrid Basket '99: Temporada 98-99,juegos/pc-real-madrid-basket-99-jewelcase/,tipo_edicion,[],"[""Edición especial""]","descripcion: Edición especial de la serie PC Basket desarrollada y publicada por Dinamic Multimedia para la temporada 1998-1999, centrada exclusivamente en la sección de baloncesto del Real Madrid"
1502,000000,Los Justicieros,juegos/los-justicieros-jewelcase/,mercado,[],"[""España""]",tags: edición española
1502,000000,Los Justicieros,juegos/los-justicieros-jewelcase/,soporte,[],"[""CD-ROM""]",incluye: CD-ROM
1503,000000,Fields of Fire: War Along the Mohawk,juegos/fields-of-fire-war-along-the-mohawk-2-jewelcase/,mercado,[],"[""España""]",descripcion: Esta edición española para Windows 95 y Windows 98 fue distribuida por Dinamic Multimedia en CD-ROM y localizada al castellano || tags: edición española
1503,000000,Fields of Fire: War Along the Mohawk,juegos/fields-of-fire-war-along-the-mohawk-2-jewelcase/,idioma,[],"[""Español""]","tags: juego en castellano || descripcion: Esta edición española para Windows 95 y Windows 98 fue distribuida por Dinamic Multimedia en CD-ROM y localizada al castellano, constituyendo una muestra poco habitual de estrategia histórica centrada en la Norteamérica colonial dentro del catálogo europeo de finales de los años noventa"
1503,000000,Fields of Fire: War Along the Mohawk,juegos/fields-of-fire-war-along-the-mohawk-2-jewelcase/,soporte,[],"[""CD-ROM""]",incluye: CD-ROM
1504,000000,Castrol Honda World Superbike Team: Superbike 2000,juegos/castrol-honda-superbike-2000-jewelcase/,mercado,[],"[""España""]",descripcion: La edición española fue distribuida por Dinamic Multimedia para Windows 95 y Windows 98 || tags: edición española
1504,000000,Castrol Honda World Superbike Team: Superbike 2000,juegos/castrol-honda-superbike-2000-jewelcase/,idioma,[],"[""Español""]",tags: juego en castellano || descripcion: Esta edición localizada al castellano representa la expansión de los simuladores de motociclismo para PC durante la etapa de consolidación de DirectX y la aceleración gráfica tridimensional
1504,000000,Castrol Honda World Superbike Team: Superbike 2000,juegos/castrol-honda-superbike-2000-jewelcase/,soporte,[],"[""CD-ROM""]",incluye: CD-ROM
1505,000000,Atmosfear: La Dimensión de lo Desconocido,juegos/atmosfear-la-dimension-de-lo-desconocido-jewelcase/,mercado,[],"[""España""]",descripcion: Edición española de Atmosfear: The Third Dimension || tags: edición española
1505,000000,Atmosfear: La Dimensión de lo Desconocido,juegos/atmosfear-la-dimension-de-lo-desconocido-jewelcase/,idioma,[],"[""Español""]",descripcion: La edición localizada al castellano se distribuyó en dos CD-ROM y constituye un ejemplo representativo de la transición de las franquicias de vídeo interactivo y juegos de mesa con VHS hacia experiencias autónomas para PC
1505,000000,Atmosfear: La Dimensión de lo Desconocido,juegos/atmosfear-la-dimension-de-lo-desconocido-jewelcase/,soporte,[],"[""CD-ROM""]",incluye: 2 CD-ROM
1506,000000,PC Basket 6.0,juegos/pc-basket-6-0-jewelcase/,mercado,[],"[""España""]",tags: edición española
1506,000000,PC Basket 6.0,juegos/pc-basket-6-0-jewelcase/,soporte,[],"[""CD-ROM""]",incluye: CD-ROM
1507,000000,PC Atletismo 2000,juegos/pc-atletismo-2000-2-jewelcase/,mercado,[],"[""España""]",tags: edición española
1507,000000,PC Atletismo 2000,juegos/pc-atletismo-2000-2-jewelcase/,idioma,[],"[""Español""]",tags: voces en castellano || tags: textos en castellano || descripcion: La edición cuenta con el respaldo de la Real Federación Española de Atletismo y ofrece textos y voces en castellano
1507,000000,PC Atletismo 2000,juegos/pc-atletismo-2000-2-jewelcase/,soporte,[],"[""CD-ROM""]",incluye: CD-ROM
1508,000000,PC Barça Basket '99,juegos/pc-barca-basket-99-jewelcase/,mercado,[],"[""España""]",tags: edición española
1508,000000,PC Barça Basket '99,juegos/pc-barca-basket-99-jewelcase/,idioma,[],"[""Español"", ""Catalán""]",tags: versión en castellano || tags: versión en catalán
1508,000000,PC Barça Basket '99,juegos/pc-barca-basket-99-jewelcase/,soporte,[],"[""CD-ROM""]",incluye: CD-ROM
1509,000000,PC Basket 4.5,juegos/pc-basket-45-jewelcase/,mercado,[],"[""España""]",tags: edición española
1509,000000,PC Basket 4.5,juegos/pc-basket-45-jewelcase/,idioma,[],"[""Español""]",tags: software en castellano
1509,000000,PC Basket 4.5,juegos/pc-basket-45-jewelcase/,soporte,[],"[""CD-ROM""]",incluye: CD-ROM
1510,000000,PC Fútbol 2001,juegos/pc-futbol-2001-jewelcase/,mercado,[],"[""España""]",tags: edición española
1510,000000,PC Fútbol 2001,juegos/pc-futbol-2001-jewelcase/,soporte,[],"[""CD-ROM""]",incluye: CD-ROM
1511,000000,PC Fútbol 2000: La Biblia de la Liga,juegos/pc-futbol-2000-la-biblia-de-la-liga-jewelcase/,mercado,[],"[""España""]",tags: edición española
1511,000000,PC Fútbol 2000: La Biblia de la Liga,juegos/pc-futbol-2000-la-biblia-de-la-liga-jewelcase/,idioma,[],"[""Español""]",tags: software en castellano
1511,000000,PC Fútbol 2000: La Biblia de la Liga,juegos/pc-futbol-2000-la-biblia-de-la-liga-jewelcase/,soporte,[],"[""CD-ROM""]",incluye: CD-ROM
1512,000000,PC Fútbol 2000,juegos/pc-futbol-2000-jewelcase/,mercado,[],"[""España""]",tags: edición española
1512,000000,PC Fútbol 2000,juegos/pc-futbol-2000-jewelcase/,soporte,[],"[""CD-ROM""]",incluye: CD-ROM
1513,000000,PC Real Madrid '99: Temporada 98-99,juegos/pc-real-madrid-99-temporada-98-99-jewelcase/,mercado,[],"[""España""]",descripcion: Esta edición española en CD-ROM representa la estrategia de Dinamic Multimedia de adaptar su popular sistema de gestión deportiva a clubes concretos y constituye una pieza característica del auge del software futbolístico español de finales de los años noventa || tags: edición española
1513,000000,PC Real Madrid '99: Temporada 98-99,juegos/pc-real-madrid-99-temporada-98-99-jewelcase/,idioma,[],"[""Español""]",tags: software en castellano
1513,000000,PC Real Madrid '99: Temporada 98-99,juegos/pc-real-madrid-99-temporada-98-99-jewelcase/,soporte,[],"[""CD-ROM""]",incluye: CD-ROM
1514,000000,PC Fútbol: Selección Española - Mundial 98,juegos/pc-futbol-seleccion-espanola-mundial-98-jewelcase/,mercado,[],"[""España""]",tags: edición española
1514,000000,PC Fútbol: Selección Española - Mundial 98,juegos/pc-futbol-seleccion-espanola-mundial-98-jewelcase/,soporte,[],"[""CD-ROM""]",incluye: CD-ROM
1514,000000,PC Fútbol: Selección Española - Mundial 98,juegos/pc-futbol-seleccion-espanola-mundial-98-jewelcase/,tipo_edicion,[],"[""Edición especial""]",descripcion: Edición especial de la serie PC Fútbol dedicada a la selección española y al Mundial de Francia 1998
1515,000000,PC Fútbol 7: Temporada 98-99,juegos/pc-futbol-7-temporada-98-99-jewelcase/,mercado,[],"[""España""]",tags: edición española
1515,000000,PC Fútbol 7: Temporada 98-99,juegos/pc-futbol-7-temporada-98-99-jewelcase/,idioma,[],"[""Español""]",tags: software en castellano
1515,000000,PC Fútbol 7: Temporada 98-99,juegos/pc-futbol-7-temporada-98-99-jewelcase/,soporte,[],"[""CD-ROM""]",incluye: CD-ROM
1516,000000,PC Fútbol 7: eXtensión,juegos/pc-futbol-7-extension-jewelcase/,mercado,[],"[""España""]",tags: edición española
1516,000000,PC Fútbol 7: eXtensión,juegos/pc-futbol-7-extension-jewelcase/,soporte,[],"[""CD-ROM""]",incluye: CD-ROM
1517,000000,Resident Evil 2,juegos/resident-evil-2-jewelcase/,mercado,[],"[""Europa""]",tags: edición europea
1517,000000,Resident Evil 2,juegos/resident-evil-2-jewelcase/,soporte,[],"[""CD-ROM""]",incluye: 2 CD-ROM
1518,000000,Caesar II,juegos/caesar-ii-eng-jewelcase/,soporte,[],"[""CD-ROM""]",incluye: CD-ROM
1519,000000,Sanitarium,juegos/sanitarium-jewelcase/,soporte,[],"[""CD-ROM""]",incluye: 3 CD-ROM
1520,000000,Full Throttle,juegos/full-throttle-jewelcase/,mercado,[],"[""España""]",descripcion: Esta primera edición española para PC CD-ROM fue distribuida por Erbe Software y conserva el doblaje y los textos localizados al castellano || tags: edición española
1520,000000,Full Throttle,juegos/full-throttle-jewelcase/,idioma,[],"[""Español""]",descripcion: Esta primera edición española para PC CD-ROM fue distribuida por Erbe Software y conserva el doblaje y los textos localizados al castellano
1520,000000,Full Throttle,juegos/full-throttle-jewelcase/,soporte,[],"[""CD-ROM""]",incluye: CD-ROM
1521,000000,Prisoner of Ice,juegos/prisoner-of-ice-jewelcase/,soporte,[],"[""CD-ROM""]",incluye: CD-ROM
1522,000000,Total Distortion,juegos/total-distortion-jewelcase/,soporte,[],"[""CD-ROM""]",incluye: CD-ROM
1523,000000,Lands of Lore: The Throne of Chaos,juegos/lands-of-lore-the-throne-of-chaos-jewelcase/,soporte,[],"[""CD-ROM""]",incluye: CD-ROM
1524,000000,Simon the Sorcerer,juegos/simon-the-sorcerer-jewelcase/,mercado,[],"[""España""]",descripcion: Esta edición española en CD-ROM distribuida por Erbe Software incorpora subtítulos en castellano y las voces inglesas de la versión hablada || tags: edición española
1524,000000,Simon the Sorcerer,juegos/simon-the-sorcerer-jewelcase/,idioma,[],"[""Español"", ""Inglés""]","tags: voces en inglés || tags: subtítulos en castellano || descripcion: Esta edición española en CD-ROM distribuida por Erbe Software incorpora subtítulos en castellano y las voces inglesas de la versión hablada, con Chris Barrie interpretando a Simon"
1524,000000,Simon the Sorcerer,juegos/simon-the-sorcerer-jewelcase/,soporte,[],"[""CD-ROM""]",incluye: CD-ROM
1525,000000,Grim Fandango,juegos/grim-fandango-jewelcase/,mercado,[],"[""España""]",tags: edición española
1525,000000,Grim Fandango,juegos/grim-fandango-jewelcase/,idioma,[],"[""Español""]",tags: manual en castellano || descripcion: Esta edición física en estuche jewel case incorpora documentación en castellano y conserva el lanzamiento original para Windows en CD-ROM
1525,000000,Grim Fandango,juegos/grim-fandango-jewelcase/,soporte,[],"[""CD-ROM""]",incluye: CD-ROM
1526,000000,The Wheel of Time,juegos/the-wheel-of-time-jewelcase/,mercado,[],"[""Europa""]",descripcion: Esta edición europea en estuche jewel case se distribuyó en dos CD-ROM y presenta documentación multilingüe en inglés || tags: edición europea
1526,000000,The Wheel of Time,juegos/the-wheel-of-time-jewelcase/,idioma,[],"[""Español"", ""Inglés"", ""Italiano"", ""Multilingüe""]","incluye: Manual en inglés, español e italiano || tags: manual multilingüe || descripcion: Esta edición europea en estuche jewel case se distribuyó en dos CD-ROM y presenta documentación multilingüe en inglés, español e italiano"
1526,000000,The Wheel of Time,juegos/the-wheel-of-time-jewelcase/,soporte,[],"[""CD-ROM""]",incluye: 2 CD-ROM
1527,000000,The Dig,juegos/the-dig-jewelcase/,mercado,[],"[""España""]",descripcion: Esta edición española para PC CD-ROM ofrece ejecución tanto en MS-DOS como en Windows 95 y conserva la localización al castellano en un formato físico representativo de la expansión del videojuego multimedia durante mediados de los años noventa || tags: edición española
1527,000000,The Dig,juegos/the-dig-jewelcase/,idioma,[],"[""Español""]",tags: software en castellano
1527,000000,The Dig,juegos/the-dig-jewelcase/,soporte,[],"[""CD-ROM""]",incluye: CD-ROM
1528,000000,Outlaws,juegos/outlaws-jewelcase/,mercado,[],"[""España""]",descripcion: Esta edición española en formato jewel case se distribuye en dos CD-ROM e incluye manual localizado al castellano || tags: edición española
1528,000000,Outlaws,juegos/outlaws-jewelcase/,idioma,[],"[""Español""]",incluye: Manual en castellano || tags: manual en castellano || descripcion: Esta edición española en formato jewel case se distribuye en dos CD-ROM e incluye manual localizado al castellano
1528,000000,Outlaws,juegos/outlaws-jewelcase/,soporte,[],"[""CD-ROM""]",incluye: 2 CD-ROM
1529,000000,Caesar II,juegos/caesar-ii-esp-jewelcase/,mercado,[],"[""España""]",tags: edición española
1529,000000,Caesar II,juegos/caesar-ii-esp-jewelcase/,idioma,[],"[""Español""]",incluye: Manual de juego en castellano || tags: manual en castellano || descripcion: Esta edición física localizada al castellano se presenta en CD-ROM dentro de una caja jewel case e incluye manual de juego en español
1529,000000,Caesar II,juegos/caesar-ii-esp-jewelcase/,soporte,[],"[""CD-ROM""]",incluye: CD-ROM
1530,000000,FIFA 2000,juegos/fifa-2000-jewelcase/,mercado,[],"[""Europa""]",descripcion: Esta edición europea en caja jewel case representa el periodo de consolidación anual de EA Sports en el mercado de videojuegos deportivos para PC de finales de los años noventa || tags: edición europea
1530,000000,FIFA 2000,juegos/fifa-2000-jewelcase/,soporte,[],"[""CD-ROM""]",incluye: CD-ROM
1531,000000,Roberta Williams' Phantasmagoria,juegos/roberta-williams-phantasmagoria-jewelcase/,mercado,[],"[""Europa""]",descripcion: Esta edición europea en estuches jewel case corresponde a la versión íntegra en inglés y documenta el periodo de expansión del videojuego cinematográfico para Windows durante mediados de los años noventa || tags: edición europea
1531,000000,Roberta Williams' Phantasmagoria,juegos/roberta-williams-phantasmagoria-jewelcase/,soporte,[],"[""CD-ROM""]",incluye: 7 CD-ROM
1532,000000,Pharaoh Gold,juegos/pharaoh-gold-en-jewelcase/,soporte,[],"[""CD-ROM""]",incluye: 2 CD-ROM
1532,000000,Pharaoh Gold,juegos/pharaoh-gold-en-jewelcase/,tipo_edicion,[],"[""Compilación""]",descripcion: Pharaoh Gold es una edición recopilatoria que reúne Pharaoh y su expansión Cleopatra: Queen of the Nile en un único lanzamiento físico de dos CD-ROM
1533,000000,Starsiege Universe,juegos/starsiege-universe-jewelcase/,soporte,[],"[""CD-ROM""]",incluye: 2 CD-ROM
1533,000000,Starsiege Universe,juegos/starsiege-universe-jewelcase/,tipo_edicion,[],"[""Compilación""]","descripcion: Starsiege Universe es una recopilación para PC que reúne Starsiege y Starsiege: Tribes, dos producciones desarrolladas por Dynamix y ambientadas en el universo de ciencia ficción iniciado con Metaltech: Earthsiege"
1534,000000,Half-Life: Juego del Año,juegos/half-life-juego-del-ano-jewelcase/,soporte,[],"[""CD-ROM""]",incluye: CD-ROM en caja jewel case
1535,000000,Daryl F. Gates' Police Quest: SWAT,juegos/daryl-f-gates-police-quest-swat-en-jewelcase/,mercado,[],"[""Europa""]",descripcion: Esta edición europea en inglés se distribuyó en un estuche jewel case múltiple y ofrece compatibilidad oficial con MS-DOS 5 || tags: edición europea
1535,000000,Daryl F. Gates' Police Quest: SWAT,juegos/daryl-f-gates-police-quest-swat-en-jewelcase/,soporte,[],"[""CD-ROM""]",incluye: 4 CD-ROM
1536,000000,Spider-Man contra Los Seis Siniestros,juegos/spider-man-contra-los-seis-siniestros-jewelcase/,mercado,[],"[""España""]",descripcion: Esta edición española de DreamBox destaca por ofrecer textos y voces en castellano y constituye una muestra representativa de las adaptaciones multimedia de personajes de cómic comercializadas para compatibles PC || tags: edición española
1536,000000,Spider-Man contra Los Seis Siniestros,juegos/spider-man-contra-los-seis-siniestros-jewelcase/,idioma,[],"[""Español""]",tags: voces en castellano || descripcion: Esta edición española de DreamBox destaca por ofrecer textos y voces en castellano y constituye una muestra representativa de las adaptaciones multimedia de personajes de cómic comercializadas para compatibles PC
1536,000000,Spider-Man contra Los Seis Siniestros,juegos/spider-man-contra-los-seis-siniestros-jewelcase/,soporte,[],"[""CD-ROM""]",incluye: CD-ROM
1537,000000,Star Wars: X-Wing - CD-ROM para Coleccionistas,juegos/star-wars-x-wing-cd-rom-para-coleccionistas-jewelcase/,mercado,[],"[""España""]",descripcion: Edición española en CD-ROM para coleccionistas de Star Wars: X-Wing || descripcion: Esta versión localizada y distribuida en España por Erbe Software posee especial interés documental por reunir en un único soporte óptico la experiencia completa de X-Wing para MS-DOS || tags: edición española
1537,000000,Star Wars: X-Wing - CD-ROM para Coleccionistas,juegos/star-wars-x-wing-cd-rom-para-coleccionistas-jewelcase/,soporte,[],"[""CD-ROM""]",incluye: CD-ROM
1537,000000,Star Wars: X-Wing - CD-ROM para Coleccionistas,juegos/star-wars-x-wing-cd-rom-para-coleccionistas-jewelcase/,tipo_edicion,[],"[""Compilación""]","descripcion: Esta recopilación reúne el juego original y las ampliaciones Tour of Duty: Imperial Pursuit y B-Wing, además de incorporar misiones nuevas o revisadas, secuencias gráficas mejoradas, voces digitalizadas y efectos de sonido actualizados"
1538,000000,Chaos Control,juegos/chaos-control-jewelcase/,mercado,[],"[""Europa""]",tags: edición europea
1538,000000,Chaos Control,juegos/chaos-control-jewelcase/,idioma,[],"[""Español""]",descripcion: Esta edición física para PC en caja jewel case presenta textos comerciales en castellano y constituye un ejemplo representativo de las reediciones económicas y distribuciones compactas de juegos multimedia de la década de 1990
1538,000000,Chaos Control,juegos/chaos-control-jewelcase/,soporte,[],"[""CD-ROM""]",incluye: CD-ROM
1539,000000,TerraTopia,juegos/terratopia-jewelcase/,mercado,[],"[""España""]",descripcion: Esta primera edición española de la serie de aventuras de Virgin incorpora textos y voces en castellano y constituye un ejemplo representativo del software ludoeducativo comercializado para Windows 3 || tags: edición española
1539,000000,TerraTopia,juegos/terratopia-jewelcase/,idioma,[],"[""Español""]",tags: voces en castellano || descripcion: Esta primera edición española de la serie de aventuras de Virgin incorpora textos y voces en castellano y constituye un ejemplo representativo del software ludoeducativo comercializado para Windows 3
1539,000000,TerraTopia,juegos/terratopia-jewelcase/,soporte,[],"[""CD-ROM""]",incluye: CD-ROM
1540,000000,The Rise & Rule of Ancient Empires,juegos/the-rise-and-rule-of-ancient-empires-jewelcase/,soporte,[],"[""CD-ROM""]",incluye: CD-ROM
1541,000000,"Simon the Sorcerer II: El León, el Mago y el Armario",juegos/simon-the-sorcerer-ii-el-leon-el-mago-y-el-armario-jewelcase/,mercado,[],"[""España""]",descripcion: La versión española en CD-ROM fue distribuida por Erbe Software y destaca por su localización completa al castellano || descripcion: un elemento especialmente relevante dentro del mercado español de aventuras gráficas de mediados de los años noventa || tags: edición española
1541,000000,"Simon the Sorcerer II: El León, el Mago y el Armario",juegos/simon-the-sorcerer-ii-el-leon-el-mago-y-el-armario-jewelcase/,idioma,[],"[""Español""]","tags: voces en castellano || descripcion: La versión española en CD-ROM fue distribuida por Erbe Software y destaca por su localización completa al castellano, incluidas las voces, un elemento especialmente relevante dentro del mercado español de aventuras gráficas de mediados de los años noventa"
1541,000000,"Simon the Sorcerer II: El León, el Mago y el Armario",juegos/simon-the-sorcerer-ii-el-leon-el-mago-y-el-armario-jewelcase/,soporte,[],"[""CD-ROM""]",incluye: CD-ROM
1542,000000,MegaRace,juegos/megarace-jewelcase/,mercado,[],"[""España""]",descripcion: Esta edición española en caja jewel case fue comercializada por Siro Software y conserva interés documental como reedición económica localizada para el mercado de compatibles PC || tags: edición española
1542,000000,MegaRace,juegos/megarace-jewelcase/,soporte,[],"[""CD-ROM""]",incluye: CD-ROM
1542,000000,MegaRace,juegos/megarace-jewelcase/,tipo_edicion,[],"[""Reedición"", ""Budget""]",descripcion: Esta edición española en caja jewel case fue comercializada por Siro Software y conserva interés documental como reedición económica localizada para el mercado de compatibles PC
1543,000000,Expert Pool,juegos/expert-pool-jewelcase/,soporte,[],"[""CD-ROM""]",incluye: CD-ROM
1544,000000,Virtual Chess Platinum,juegos/virtual-chess-platinum-jewelcase/,mercado,[],"[""Europa""]",tags: edición europea
1544,000000,Virtual Chess Platinum,juegos/virtual-chess-platinum-jewelcase/,soporte,[],"[""CD-ROM""]",incluye: CD-ROM
1544,000000,Virtual Chess Platinum,juegos/virtual-chess-platinum-jewelcase/,tipo_edicion,[],"[""Reedición""]","descripcion: La denominación Platinum identifica esta reedición comercial en estuche Jewel Case, distribuida mediante la línea Versus, y conserva interés documental como ejemplo de los programas de ajedrez orientados al mercado doméstico anterior a la generalización del juego en línea"
1545,000000,Gunman Chronicles,juegos/gunman-chronicles-jewelcase/,mercado,[],"[""España""]",descripcion: Esta edición física española en estuche jewel case conserva la documentación localizada al castellano y representa uno de los pocos títulos comerciales independientes derivados directamente de la tecnología original de Half-Life || tags: edición española
1545,000000,Gunman Chronicles,juegos/gunman-chronicles-jewelcase/,idioma,[],"[""Español""]",incluye: Manual de instrucciones en castellano || tags: manual en castellano || descripcion: Esta edición física española en estuche jewel case conserva la documentación localizada al castellano y representa uno de los pocos títulos comerciales independientes derivados directamente de la tecnología original de Half-Life
1545,000000,Gunman Chronicles,juegos/gunman-chronicles-jewelcase/,soporte,[],"[""CD-ROM""]",incluye: CD-ROM
1546,000000,UEFA Champions League Season 1999/2000,juegos/uefa-champions-league-season-1999-2000-jewelcase/,mercado,[],"[""España"", ""Europa""]",descripcion: Esta edición física europea distribuida en España por Proein conserva el lanzamiento para PC CD-ROM en caja jewel case con documentación impresa || tags: edición española
1546,000000,UEFA Champions League Season 1999/2000,juegos/uefa-champions-league-season-1999-2000-jewelcase/,soporte,[],"[""CD-ROM""]",incluye: CD-ROM
1547,000000,SiN,juegos/sin-jewelcase/,soporte,[],"[""CD-ROM""]",incluye: CD-ROM en caja jewel case
1548,000000,Viva Football,juegos/viva-football-jewelcase/,mercado,[],"[""Europa""]",descripcion: Esta edición europea para PC CD-ROM en formato jewel case conserva interés documental por representar una propuesta singular de simulación futbolística centrada en la memoria histórica de los mundiales || tags: edición europea
1548,000000,Viva Football,juegos/viva-football-jewelcase/,soporte,[],"[""CD-ROM""]",incluye: CD-ROM en caja jewel case
1549,000000,La Colección de Videojuegos '99,juegos/la-coleccion-de-videojuegos-99-jewelcase/,mercado,[],"[""España""]",tags: edición española
1549,000000,La Colección de Videojuegos '99,juegos/la-coleccion-de-videojuegos-99-jewelcase/,soporte,[],"[""CD-ROM""]",incluye: 12 CD-ROM en estuches jewel case
1550,000000,La colección de videojuegos 2000: Edición especial,juegos/la-coleccion-de-videojuegos-2000-edicion-especial-jewelcase/,anio,"""""","""2000""",descripcion: Edición especial es una recopilación española para PC distribuida en el año 2000
1550,000000,La colección de videojuegos 2000: Edición especial,juegos/la-coleccion-de-videojuegos-2000-edicion-especial-jewelcase/,mercado,[],"[""España""]",tags: edición española
1550,000000,La colección de videojuegos 2000: Edición especial,juegos/la-coleccion-de-videojuegos-2000-edicion-especial-jewelcase/,idioma,[],"[""Español""]",tags: software en castellano
1550,000000,La colección de videojuegos 2000: Edición especial,juegos/la-coleccion-de-videojuegos-2000-edicion-especial-jewelcase/,soporte,[],"[""CD-ROM""]",incluye: CD-ROM de cada entrega
1550,000000,La colección de videojuegos 2000: Edición especial,juegos/la-coleccion-de-videojuegos-2000-edicion-especial-jewelcase/,tipo_edicion,[],"[""Budget"", ""Compilación"", ""Edición especial""]",titulo: La colección de videojuegos 2000: Edición especial || tags: edición especial || descripcion: La colección de videojuegos 2000: Edición especial es una recopilación española para PC distribuida en el año 2000 por el diario El Mundo en colaboración con Dinamic Multimedia || descripcion: Como edición de quiosco constituye un documento representativo de la popularización del videojuego físico para PC en España mediante prensa generalista y colecciones de precio reducido
1551,000000,La colección de Videojuegos para PC,juegos/la-coleccion-de-videojuegos-para-pc-jewelcase/,mercado,[],"[""España""]",tags: edición española
1551,000000,La colección de Videojuegos para PC,juegos/la-coleccion-de-videojuegos-para-pc-jewelcase/,soporte,[],"[""CD-ROM""]",incluye: 10 CD-ROM en cajas jewel case
